Identifikator,Perioden Id,Jahres Id,Geräte_Name,Datum,Modus,Konto,Konto Name,Mitarbeiter,Referenz,Typ,Mng,Einzelpreis,FinalPreis,Rabatt,Materialverlust/Bruch,Gratis,Buchung,SKU,Artikel,Gruppe,StatGruppe,SteuerName,SteuerRate,VorSteuern,SteuernMenge,Profil
S1114672.46979,SP1114672.54.1,SY1114672.2026.46979,iPad1(1114672),01.06.26 10:26,Prod,A1114672.6459,Tisch 1,Manager(946638),S1114672.46979,SALE,1,17.5,17.5,0.0,0.0,0.0,0.0,I1-1770047,Spargelmenü,Speisen Küche(1549873308500113),,MwSt. 7%,1.07,16.35514,1.14486,Pagersystem
S1114672.46980,SP1114672.54.2,SY1114672.2026.46980,iPad1(1114672),01.06.26 10:26,Prod,A1114672.6459,Tisch 1,Manager(946638),S1114672.46980,SALE,1,0.0,0.0,0.0,0.0,0.0,0.0,S3,Sauce Hollandaise,Speisen Küche(1549873308500113),[],MwSt. 7%,1.07,0,0,Pagersystem
S1114672.46981,SP1114672.54.3,SY1114672.2026.46981,iPad1(1114672),01.06.26 10:26,Prod,A1114672.6459,Tisch 1,Manager(946638),S1114672.46981,SALE,1,5.4,5.4,0.0,0.0,0.0,0.0,S5,Schnitzel,Speisen Küche(1549873308500113),[],MwSt. 7%,1.07,5.046729,0.353271,Pagersystem
S1114672.46982,SP1114672.54.4,SY1114672.2026.46982,iPad1(1114672),01.06.26 10:26,Prod,A1114672.6459,Tisch 1,Manager(946638),S1114672.46982,SALE,1,2.0,2.0,0.0,0.0,0.0,0.0,130,Pommes statt Kartoffel,Speisen Küche(1549873308500113),,MwSt. 7%,1.07,1.869159,0.130841,Pagersystem
S1114672.46983,SP1114672.54.5,SY1114672.2026.46983,iPad1(1114672),01.06.26 10:26,Prod,A1114672.6459,Tisch 1,Manager(946638),S1114672.46983,SALE,1,17.5,17.5,0.0,0.0,0.0,0.0,I1-1770047,Spargelmenü,Speisen Küche(1549873308500113),,MwSt. 7%,1.07,16.35514,1.14486,Pagersystem
S1114672.46984,SP1114672.54.6,SY1114672.2026.46984,iPad1(1114672),01.06.26 10:26,Prod,A1114672.6459,Tisch 1,Manager(946638),S1114672.46984,SALE,1,0.0,0.0,0.0,0.0,0.0,0.0,S3,Sauce Hollandaise,Speisen Küche(1549873308500113),[],MwSt. 7%,1.07,0,0,Pagersystem
S1114672.46985,SP1114672.54.7,SY1114672.2026.46985,iPad1(1114672),01.06.26 10:26,Prod,A1114672.6459,Tisch 1,Manager(946638),S1114672.46985,SALE,1,5.4,5.4,0.0,0.0,0.0,0.0,S5,Schnitzel,Speisen Küche(1549873308500113),[],MwSt. 7%,1.07,5.046729,0.353271,Pagersystem
S1114672.46986,SP1114672.54.8,SY1114672.2026.46986,iPad1(1114672),01.06.26 10:26,Prod,A1114672.6459,Tisch 1,Manager(946638),S1114672.46986,SALE,1,2.0,2.0,0.0,0.0,0.0,0.0,130,Pommes statt Kartoffel,Speisen Küche(1549873308500113),,MwSt. 7%,1.07,1.869159,0.130841,Pagersystem
S1114672.46987,SP1114672.54.9,SY1114672.2026.46987,iPad1(1114672),01.06.26 10:26,Prod,A1114672.6459,Tisch 1,Manager(946638),S1114672.46987,SALE,1,4.4,4.4,0.0,0.0,0.0,0.0,I54,"Cola (0,5 L)",Getränke(1549873308501013),,MwSt. 19%,1.19,3.697479,0.702521,Pagersystem
S1114672.46988,SP1114672.54.10,SY1114672.2026.46988,iPad1(1114672),01.06.26 10:27,Prod,A1114672.6459,Tisch 1,Manager(946638),S1114672.46988,SALE,1,3.5,3.5,0.0,0.0,0.0,0.0,I1,Alkoholfreies Bier,Getränke(1549873308501013),,MwSt. 19%,1.19,2.941176,0.558824,Pagersystem
S1114672.46989,SP1114672.54.11,SY1114672.2026.46989,iPad1(1114672),01.06.26 11:24,Prod,A1114672.6460,Tisch 2,Manager(946638),S1114672.46989,SALE,1,0.0,0.0,0.0,0.0,0.0,0.0,191,Spargelsuppe,Speisen Küche(1549873308500113),[],MwSt. 7%,1.07,0,0,Pagersystem
S1114672.46990,SP1114672.54.12,SY1114672.2026.46990,iPad1(1114672),01.06.26 11:24,Prod,A1114672.6460,Tisch 2,Manager(946638),S1114672.46990,SALE,1,4.9,4.9,0.0,0.0,0.0,0.0,I4-1770047,Spargelsuppe Klein,Speisen Küche(1549873308500113),,MwSt. 7%,1.07,4.579439,0.320561,Pagersystem
S1114672.46991,SP1114672.54.13,SY1114672.2026.46991,iPad1(1114672),01.06.26 11:24,Prod,A1114672.6460,Tisch 2,Manager(946638),S1114672.46991,SALE,1,0.0,0.0,0.0,0.0,0.0,0.0,189,Vorher,Speisen Küche(1549873308500113),[],MwSt. 7%,1.07,0,0,Pagersystem
S1114672.46992,SP1114672.54.14,SY1114672.2026.46992,iPad1(1114672),01.06.26 11:24,Prod,A1114672.6460,Tisch 2,Manager(946638),S1114672.46992,SALE,1,17.5,17.5,0.0,0.0,0.0,0.0,I1-1770047,Spargelmenü,Speisen Küche(1549873308500113),,MwSt. 7%,1.07,16.35514,1.14486,Pagersystem
S1114672.46993,SP1114672.54.15,SY1114672.2026.46993,iPad1(1114672),01.06.26 11:24,Prod,A1114672.6460,Tisch 2,Manager(946638),S1114672.46993,SALE,1,0.0,0.0,0.0,0.0,0.0,0.0,S3,Sauce Hollandaise,Speisen Küche(1549873308500113),[],MwSt. 7%,1.07,0,0,Pagersystem
S1114672.46994,SP1114672.54.16,SY1114672.2026.46994,iPad1(1114672),01.06.26 11:24,Prod,A1114672.6460,Tisch 2,Manager(946638),S1114672.46994,SALE,1,5.4,5.4,0.0,0.0,0.0,0.0,S5,Schnitzel,Speisen Küche(1549873308500113),[],MwSt. 7%,1.07,5.046729,0.353271,Pagersystem
S1114672.46995,SP1114672.54.17,SY1114672.2026.46995,iPad1(1114672),01.06.26 11:24,Prod,A1114672.6460,Tisch 2,Manager(946638),S1114672.46995,SALE,1,3.2,3.2,0.0,0.0,0.0,0.0,I31,Pott Kaffee Crema,Heißgetränke(1549873308501605),,MwSt. 19%,1.19,2.689076,0.510924,Pagersystem
S1114672.46996,SP1114672.54.18,SY1114672.2026.46996,iPad1(1114672),01.06.26 11:24,Prod,A1114672.6460,Tisch 2,Manager(946638),S1114672.46996,SALE,1,17.5,17.5,0.0,0.0,0.0,0.0,I1-1770047,Spargelmenü,Speisen Küche(1549873308500113),,MwSt. 7%,1.07,16.35514,1.14486,Pagersystem
S1114672.46997,SP1114672.54.19,SY1114672.2026.46997,iPad1(1114672),01.06.26 11:24,Prod,A1114672.6460,Tisch 2,Manager(946638),S1114672.46997,SALE,1,0.0,0.0,0.0,0.0,0.0,0.0,S4,Semmelbutter,Speisen Küche(1549873308500113),[],MwSt. 7%,1.07,0,0,Pagersystem
S1114672.46998,SP1114672.54.20,SY1114672.2026.46998,iPad1(1114672),01.06.26 11:24,Prod,A1114672.6460,Tisch 2,Manager(946638),S1114672.46998,SALE,1,2.4,2.4,0.0,0.0,0.0,0.0,S8,Rührei,Speisen Küche(1549873308500113),[],MwSt. 7%,1.07,2.242991,0.157009,Pagersystem
S1114672.46999,SP1114672.54.21,SY1114672.2026.46999,iPad1(1114672),01.06.26 11:25,Prod,A1114672.6460,Tisch 2,Manager(946638),S1114672.46999,SALE,0,0.0,0.0,0.0,0.0,0.0,0.0,I33,Kaffee Crema,Heißgetränke(1549873308501605),,MwSt. 19%,1.19,0,0,Pagersystem
S1114672.47000,SP1114672.54.22,SY1114672.2026.47000,iPad1(1114672),01.06.26 11:25,Prod,A1114672.6460,Tisch 2,Manager(946638),S1114672.47000,SALE,1,3.2,3.2,0.0,0.0,0.0,0.0,I31,Pott Kaffee Crema,Heißgetränke(1549873308501605),,MwSt. 19%,1.19,2.689076,0.510924,Pagersystem
S1114672.47001,SP1114672.54.23,SY1114672.2026.47001,iPad1(1114672),01.06.26 11:29,Prod,A1114672.6461,,Manager(946638),S1114672.47001,SALE,1,6.0,6.0,0.0,0.0,0.0,0.0,157,"Wasser Sprudel (1,0 L)",Getränke(1549873308501013),[],MwSt. 19%,1.19,5.042017,0.957983,Ohne Pager
S1114672.47002,SP1114672.54.24,SY1114672.2026.47002,iPad1(1114672),01.06.26 11:29,Prod,A1114672.6461,,Manager(946638),S1114672.47002,SALE,1,17.5,17.5,0.0,0.0,0.0,0.0,I1-1770047,Spargelmenü,Speisen Küche(1549873308500113),,MwSt. 7%,1.07,16.35514,1.14486,Ohne Pager
S1114672.47003,SP1114672.54.25,SY1114672.2026.47003,iPad1(1114672),01.06.26 11:29,Prod,A1114672.6461,,Manager(946638),S1114672.47003,SALE,1,0.0,0.0,0.0,0.0,0.0,0.0,S4,Semmelbutter,Speisen Küche(1549873308500113),[],MwSt. 7%,1.07,0,0,Ohne Pager
S1114672.47004,SP1114672.54.26,SY1114672.2026.47004,iPad1(1114672),01.06.26 11:29,Prod,A1114672.6461,,Manager(946638),S1114672.47004,SALE,1,17.5,17.5,0.0,0.0,0.0,0.0,I1-1770047,Spargelmenü,Speisen Küche(1549873308500113),,MwSt. 7%,1.07,16.35514,1.14486,Ohne Pager
S1114672.47005,SP1114672.54.27,SY1114672.2026.47005,iPad1(1114672),01.06.26 11:29,Prod,A1114672.6461,,Manager(946638),S1114672.47005,SALE,1,0.0,0.0,0.0,0.0,0.0,0.0,S3,Sauce Hollandaise,Speisen Küche(1549873308500113),[],MwSt. 7%,1.07,0,0,Ohne Pager
S1114672.47006,SP1114672.54.28,SY1114672.2026.47006,iPad1(1114672),01.06.26 11:29,Prod,A1114672.6461,,Manager(946638),S1114672.47006,SALE,1,5.4,5.4,0.0,0.0,0.0,0.0,S5,Schnitzel,Speisen Küche(1549873308500113),[],MwSt. 7%,1.07,5.046729,0.353271,Ohne Pager
S1114672.47007,SP1114672.54.29,SY1114672.2026.47007,iPad1(1114672),01.06.26 11:40,Prod,A1114672.6462,Tisch 4,Manager(946638),S1114672.47007,SALE,1,17.5,17.5,0.0,0.0,0.0,0.0,I1-1770047,Spargelmenü,Speisen Küche(1549873308500113),,MwSt. 7%,1.07,16.35514,1.14486,Pagersystem
S1114672.47008,SP1114672.54.30,SY1114672.2026.47008,iPad1(1114672),01.06.26 11:40,Prod,A1114672.6462,Tisch 4,Manager(946638),S1114672.47008,SALE,1,0.0,0.0,0.0,0.0,0.0,0.0,S4,Semmelbutter,Speisen Küche(1549873308500113),[],MwSt. 7%,1.07,0,0,Pagersystem
S1114672.47009,SP1114672.54.31,SY1114672.2026.47009,iPad1(1114672),01.06.26 11:40,Prod,A1114672.6462,Tisch 4,Manager(946638),S1114672.47009,SALE,1,5.4,5.4,0.0,0.0,0.0,0.0,S5,Schnitzel,Speisen Küche(1549873308500113),[],MwSt. 7%,1.07,5.046729,0.353271,Pagersystem
S1114672.47010,SP1114672.54.32,SY1114672.2026.47010,iPad1(1114672),01.06.26 11:41,Prod,A1114672.6462,Tisch 4,Manager(946638),S1114672.47010,SALE,1,4.2,4.2,0.0,0.0,0.0,0.0,I37,"Fassbier (0,5 L)",Getränke alkoholisch(1549873308501121),,MwSt. 19%,1.19,3.529412,0.670588,Pagersystem
S1114672.47011,SP1114672.54.33,SY1114672.2026.47011,iPad1(1114672),01.06.26 11:42,Prod,A1114672.6463,Tisch 5,Manager(946638),S1114672.47011,SALE,1,17.5,17.5,0.0,0.0,0.0,0.0,I1-1770047,Spargelmenü,Speisen Küche(1549873308500113),,MwSt. 7%,1.07,16.35514,1.14486,Pagersystem
S1114672.47012,SP1114672.54.34,SY1114672.2026.47012,iPad1(1114672),01.06.26 11:42,Prod,A1114672.6463,Tisch 5,Manager(946638),S1114672.47012,SALE,1,0.0,0.0,0.0,0.0,0.0,0.0,S3,Sauce Hollandaise,Speisen Küche(1549873308500113),[],MwSt. 7%,1.07,0,0,Pagersystem
S1114672.47013,SP1114672.54.35,SY1114672.2026.47013,iPad1(1114672),01.06.26 11:42,Prod,A1114672.6463,Tisch 5,Manager(946638),S1114672.47013,SALE,1,5.4,5.4,0.0,0.0,0.0,0.0,S5,Schnitzel,Speisen Küche(1549873308500113),[],MwSt. 7%,1.07,5.046729,0.353271,Pagersystem
S1114672.47014,SP1114672.54.36,SY1114672.2026.47014,iPad1(1114672),01.06.26 11:42,Prod,A1114672.6463,Tisch 5,Manager(946638),S1114672.47014,SALE,1,17.5,17.5,0.0,0.0,0.0,0.0,I1-1770047,Spargelmenü,Speisen Küche(1549873308500113),,MwSt. 7%,1.07,16.35514,1.14486,Pagersystem
S1114672.47015,SP1114672.54.37,SY1114672.2026.47015,iPad1(1114672),01.06.26 11:42,Prod,A1114672.6463,Tisch 5,Manager(946638),S1114672.47015,SALE,1,0.0,0.0,0.0,0.0,0.0,0.0,S3,Sauce Hollandaise,Speisen Küche(1549873308500113),[],MwSt. 7%,1.07,0,0,Pagersystem
S1114672.47016,SP1114672.54.38,SY1114672.2026.47016,iPad1(1114672),01.06.26 11:42,Prod,A1114672.6463,Tisch 5,Manager(946638),S1114672.47016,SALE,1,5.4,5.4,0.0,0.0,0.0,0.0,S5,Schnitzel,Speisen Küche(1549873308500113),[],MwSt. 7%,1.07,5.046729,0.353271,Pagersystem
S1114672.47017,SP1114672.54.39,SY1114672.2026.47017,iPad1(1114672),01.06.26 11:59,Prod,A1114672.6464,Tisch 6,Manager(946638),S1114672.47017,SALE,1,17.5,17.5,0.0,0.0,0.0,0.0,I1-1770047,Spargelmenü,Speisen Küche(1549873308500113),,MwSt. 7%,1.07,16.35514,1.14486,Pagersystem
S1114672.47018,SP1114672.54.40,SY1114672.2026.47018,iPad1(1114672),01.06.26 11:59,Prod,A1114672.6464,Tisch 6,Manager(946638),S1114672.47018,SALE,1,0.0,0.0,0.0,0.0,0.0,0.0,131,Beide Soßen,Speisen Küche(1549873308500113),[],MwSt. 7%,1.07,0,0,Pagersystem
S1114672.47019,SP1114672.54.41,SY1114672.2026.47019,iPad1(1114672),01.06.26 11:59,Prod,A1114672.6464,Tisch 6,Manager(946638),S1114672.47019,SALE,1,5.4,5.4,0.0,0.0,0.0,0.0,S6,Lachs,Speisen Küche(1549873308500113),[],MwSt. 7%,1.07,5.046729,0.353271,Pagersystem
S1114672.47020,SP1114672.54.42,SY1114672.2026.47020,iPad1(1114672),01.06.26 11:59,Prod,A1114672.6464,Tisch 6,Manager(946638),S1114672.47020,SALE,1,3.4,3.4,0.0,0.0,0.0,0.0,I59,"Sprite (0,3 L)",Getränke(1549873308501013),,MwSt. 19%,1.19,2.857143,0.542857,Pagersystem
S1114672.47021,SP1114672.54.43,SY1114672.2026.47021,iPad1(1114672),01.06.26 12:09,Prod,A1114672.6465,,Manager(946638),S1114672.47021,SALE,1,3.2,3.2,0.0,0.0,0.0,0.0,141,"Orangenschorle (0,3 L)",Getränke(1549873308501013),,MwSt. 19%,1.19,2.689076,0.510924,Ohne Pager
S1114672.47022,SP1114672.54.44,SY1114672.2026.47022,iPad1(1114672),01.06.26 12:09,Prod,A1114672.6465,,Manager(946638),S1114672.47022,SALE,1,4.2,4.2,0.0,0.0,0.0,0.0,I52,"Apfelschorle (0,5 L)",Getränke(1549873308501013),,MwSt. 19%,1.19,3.529412,0.670588,Ohne Pager
S1114672.47023,SP1114672.54.45,SY1114672.2026.47023,iPad1(1114672),01.06.26 12:09,Prod,A1114672.6465,,Manager(946638),S1114672.47023,SALE,1,17.5,17.5,0.0,0.0,0.0,0.0,I1-1770047,Spargelmenü,Speisen Küche(1549873308500113),,MwSt. 7%,1.07,16.35514,1.14486,Ohne Pager
S1114672.47024,SP1114672.54.46,SY1114672.2026.47024,iPad1(1114672),01.06.26 12:09,Prod,A1114672.6465,,Manager(946638),S1114672.47024,SALE,1,0.0,0.0,0.0,0.0,0.0,0.0,S3,Sauce Hollandaise,Speisen Küche(1549873308500113),[],MwSt. 7%,1.07,0,0,Ohne Pager
S1114672.47025,SP1114672.54.47,SY1114672.2026.47025,iPad1(1114672),01.06.26 12:09,Prod,A1114672.6465,,Manager(946638),S1114672.47025,SALE,1,17.5,17.5,0.0,0.0,0.0,0.0,I1-1770047,Spargelmenü,Speisen Küche(1549873308500113),,MwSt. 7%,1.07,16.35514,1.14486,Ohne Pager
S1114672.47026,SP1114672.54.48,SY1114672.2026.47026,iPad1(1114672),01.06.26 12:09,Prod,A1114672.6465,,Manager(946638),S1114672.47026,SALE,1,0.0,0.0,0.0,0.0,0.0,0.0,S3,Sauce Hollandaise,Speisen Küche(1549873308500113),[],MwSt. 7%,1.07,0,0,Ohne Pager
S1114672.47027,SP1114672.54.49,SY1114672.2026.47027,iPad1(1114672),01.06.26 12:09,Prod,A1114672.6465,,Manager(946638),S1114672.47027,SALE,1,5.4,5.4,0.0,0.0,0.0,0.0,S5,Schnitzel,Speisen Küche(1549873308500113),[],MwSt. 7%,1.07,5.046729,0.353271,Ohne Pager
S1114672.47028,SP1114672.54.50,SY1114672.2026.47028,iPad1(1114672),01.06.26 12:15,Prod,A1114672.6466,,Manager(946638),S1114672.47028,SALE,1,4.2,4.2,0.0,0.0,0.0,0.0,I45,Weizenbier Hefe,Getränke alkoholisch(1549873308501121),,MwSt. 19%,1.19,3.529412,0.670588,Ohne Pager
S1114672.47029,SP1114672.54.51,SY1114672.2026.47029,iPad1(1114672),01.06.26 12:15,Prod,A1114672.6466,,Manager(946638),S1114672.47029,SALE,1,4.4,4.4,0.0,0.0,0.0,0.0,I62,"Fassbrause (0,5 L)",Getränke(1549873308501013),,MwSt. 19%,1.19,3.697479,0.702521,Ohne Pager
S1114672.47030,SP1114672.54.52,SY1114672.2026.47030,iPad1(1114672),01.06.26 12:18,Prod,A1114672.6467,,Manager(946638),S1114672.47030,SALE,1,17.5,17.5,0.0,0.0,0.0,0.0,I1-1770047,Spargelmenü,Speisen Küche(1549873308500113),,MwSt. 7%,1.07,16.35514,1.14486,Ohne Pager
S1114672.47031,SP1114672.54.53,SY1114672.2026.47031,iPad1(1114672),01.06.26 12:18,Prod,A1114672.6467,,Manager(946638),S1114672.47031,SALE,1,0.0,0.0,0.0,0.0,0.0,0.0,S4,Semmelbutter,Speisen Küche(1549873308500113),[],MwSt. 7%,1.07,0,0,Ohne Pager
S1114672.47032,SP1114672.54.54,SY1114672.2026.47032,iPad1(1114672),01.06.26 12:18,Prod,A1114672.6467,,Manager(946638),S1114672.47032,SALE,1,5.4,5.4,0.0,0.0,0.0,0.0,S5,Schnitzel,Speisen Küche(1549873308500113),[],MwSt. 7%,1.07,5.046729,0.353271,Ohne Pager
S1114672.47033,SP1114672.54.55,SY1114672.2026.47033,iPad1(1114672),01.06.26 12:18,Prod,A1114672.6467,,Manager(946638),S1114672.47033,SALE,1,17.5,17.5,0.0,0.0,0.0,0.0,I1-1770047,Spargelmenü,Speisen Küche(1549873308500113),,MwSt. 7%,1.07,16.35514,1.14486,Ohne Pager
S1114672.47034,SP1114672.54.56,SY1114672.2026.47034,iPad1(1114672),01.06.26 12:18,Prod,A1114672.6467,,Manager(946638),S1114672.47034,SALE,1,0.0,0.0,0.0,0.0,0.0,0.0,S4,Semmelbutter,Speisen Küche(1549873308500113),[],MwSt. 7%,1.07,0,0,Ohne Pager
S1114672.47035,SP1114672.54.57,SY1114672.2026.47035,iPad1(1114672),01.06.26 12:18,Prod,A1114672.6467,,Manager(946638),S1114672.47035,SALE,1,5.4,5.4,0.0,0.0,0.0,0.0,S5,Schnitzel,Speisen Küche(1549873308500113),[],MwSt. 7%,1.07,5.046729,0.353271,Ohne Pager
S1114672.47036,SP1114672.54.58,SY1114672.2026.47036,iPad1(1114672),01.06.26 12:18,Prod,A1114672.6467,Tisch 2,Manager(946638),S1114672.47036,SALE,1,3.5,3.5,0.0,0.0,0.0,0.0,I36,"Fassbier (0,3 L)",Getränke alkoholisch(1549873308501121),,MwSt. 19%,1.19,2.941176,0.558824,Pagersystem
S1114672.47037,SP1114672.54.59,SY1114672.2026.47037,iPad1(1114672),01.06.26 12:19,Prod,A1114672.6468,,Manager(946638),S1114672.47037,SALE,1,3.5,3.5,0.0,0.0,0.0,0.0,177,"Radler 0,3",Getränke(1549873308501013),[],MwSt. 19%,1.19,2.941176,0.558824,Ohne Pager
S1114672.47038,SP1114672.54.60,SY1114672.2026.47038,iPad1(1114672),01.06.26 12:19,Prod,A1114672.6468,,Manager(946638),S1114672.47038,SALE,1,17.5,17.5,0.0,0.0,0.0,0.0,I1-1770047,Spargelmenü,Speisen Küche(1549873308500113),,MwSt. 7%,1.07,16.35514,1.14486,Ohne Pager
S1114672.47039,SP1114672.54.61,SY1114672.2026.47039,iPad1(1114672),01.06.26 12:19,Prod,A1114672.6468,,Manager(946638),S1114672.47039,SALE,1,0.0,0.0,0.0,0.0,0.0,0.0,S4,Semmelbutter,Speisen Küche(1549873308500113),[],MwSt. 7%,1.07,0,0,Ohne Pager
S1114672.47040,SP1114672.54.62,SY1114672.2026.47040,iPad1(1114672),01.06.26 12:19,Prod,A1114672.6468,,Manager(946638),S1114672.47040,SALE,1,5.4,5.4,0.0,0.0,0.0,0.0,S5,Schnitzel,Speisen Küche(1549873308500113),[],MwSt. 7%,1.07,5.046729,0.353271,Ohne Pager
S1114672.47041,SP1114672.54.63,SY1114672.2026.47041,iPad1(1114672),01.06.26 12:21,Prod,A1114672.6469,,Manager(946638),S1114672.47041,SALE,1,17.5,17.5,0.0,0.0,0.0,0.0,I1-1770047,Spargelmenü,Speisen Küche(1549873308500113),,MwSt. 7%,1.07,16.35514,1.14486,Ohne Pager
S1114672.47042,SP1114672.54.64,SY1114672.2026.47042,iPad1(1114672),01.06.26 12:21,Prod,A1114672.6469,,Manager(946638),S1114672.47042,SALE,1,0.0,0.0,0.0,0.0,0.0,0.0,S3,Sauce Hollandaise,Speisen Küche(1549873308500113),[],MwSt. 7%,1.07,0,0,Ohne Pager
S1114672.47043,SP1114672.54.65,SY1114672.2026.47043,iPad1(1114672),01.06.26 12:21,Prod,A1114672.6469,,Manager(946638),S1114672.47043,SALE,1,5.4,5.4,0.0,0.0,0.0,0.0,S5,Schnitzel,Speisen Küche(1549873308500113),[],MwSt. 7%,1.07,5.046729,0.353271,Ohne Pager
S1114672.47044,SP1114672.54.66,SY1114672.2026.47044,iPad1(1114672),01.06.26 12:21,Prod,A1114672.6469,,Manager(946638),S1114672.47044,SALE,1,4.2,4.2,0.0,0.0,0.0,0.0,I14,Weizenbier alkoholfrei,Getränke alkoholisch(1549873308501121),,MwSt. 19%,1.19,3.529412,0.670588,Ohne Pager
S1114672.47045,SP1114672.54.67,SY1114672.2026.47045,iPad1(1114672),01.06.26 12:34,Prod,A1114672.6470,,Manager(946638),S1114672.47045,SALE,1,10.9,10.9,0.0,0.0,0.0,0.0,I2-1770047,KL. Spargelmenü,Speisen Küche(1549873308500113),,MwSt. 7%,1.07,10.186916,0.713084,Ohne Pager
S1114672.47046,SP1114672.54.68,SY1114672.2026.47046,iPad1(1114672),01.06.26 12:34,Prod,A1114672.6470,,Manager(946638),S1114672.47046,SALE,1,0.0,0.0,0.0,0.0,0.0,0.0,S4,Semmelbutter,Speisen Küche(1549873308500113),[],MwSt. 7%,1.07,0,0,Ohne Pager
S1114672.47047,SP1114672.54.69,SY1114672.2026.47047,iPad1(1114672),01.06.26 12:34,Prod,A1114672.6470,,Manager(946638),S1114672.47047,SALE,1,2.0,2.0,0.0,0.0,0.0,0.0,S5,Schnitzel,Speisen Küche(1549873308500113),[],MwSt. 7%,1.07,1.869159,0.130841,Ohne Pager
S1114672.47048,SP1114672.54.70,SY1114672.2026.47048,iPad1(1114672),01.06.26 12:34,Prod,A1114672.6470,,Manager(946638),S1114672.47048,SALE,0,0.0,0.0,0.0,0.0,0.0,0.0,I51,"Apfelschorle (0,3 L)",Getränke(1549873308501013),,MwSt. 19%,1.19,0,0,Ohne Pager
S1114672.47049,SP1114672.54.71,SY1114672.2026.47049,iPad1(1114672),01.06.26 12:34,Prod,A1114672.6470,Tisch 4,Manager(946638),S1114672.47049,SALE,1,3.2,3.2,0.0,0.0,0.0,0.0,I51,"Apfelschorle (0,3 L)",Getränke(1549873308501013),,MwSt. 19%,1.19,2.689076,0.510924,Pagersystem
S1114672.47050,SP1114672.54.72,SY1114672.2026.47050,iPad1(1114672),01.06.26 12:38,Prod,A1114672.6471,,Manager(946638),S1114672.47050,SALE,1,6.0,6.0,0.0,0.0,0.0,0.0,158,Ingwer-Granatapfel,Getränke(1549873308501013),[],MwSt. 19%,1.19,5.042017,0.957983,Ohne Pager
S1114672.47051,SP1114672.54.73,SY1114672.2026.47051,iPad1(1114672),01.06.26 12:38,Prod,A1114672.6471,,Manager(946638),S1114672.47051,SALE,1,6.0,6.0,0.0,0.0,0.0,0.0,158,Ingwer-Granatapfel,Getränke(1549873308501013),[],MwSt. 19%,1.19,5.042017,0.957983,Ohne Pager
S1114672.47052,SP1114672.54.74,SY1114672.2026.47052,iPad1(1114672),01.06.26 12:39,Prod,A1114672.6472,,Manager(946638),S1114672.47052,SALE,1,3.5,3.5,0.0,0.0,0.0,0.0,I36,"Fassbier (0,3 L)",Getränke alkoholisch(1549873308501121),,MwSt. 19%,1.19,2.941176,0.558824,Ohne Pager
S1114672.47053,SP1114672.54.75,SY1114672.2026.47053,iPad1(1114672),01.06.26 12:39,Prod,A1114672.6472,,Manager(946638),S1114672.47053,SALE,1,6.0,6.0,0.0,0.0,0.0,0.0,158,Ingwer-Granatapfel,Getränke(1549873308501013),[],MwSt. 19%,1.19,5.042017,0.957983,Ohne Pager
S1114672.47054,SP1114672.54.76,SY1114672.2026.47054,iPad1(1114672),01.06.26 12:40,Prod,A1114672.6473,Tisch 5,Manager(946638),S1114672.47054,SALE,1,17.5,17.5,0.0,0.0,0.0,0.0,I1-1770047,Spargelmenü,Speisen Küche(1549873308500113),,MwSt. 7%,1.07,16.35514,1.14486,Pagersystem
S1114672.47055,SP1114672.54.77,SY1114672.2026.47055,iPad1(1114672),01.06.26 12:40,Prod,A1114672.6473,Tisch 5,Manager(946638),S1114672.47055,SALE,1,0.0,0.0,0.0,0.0,0.0,0.0,S4,Semmelbutter,Speisen Küche(1549873308500113),[],MwSt. 7%,1.07,0,0,Pagersystem
S1114672.47056,SP1114672.54.78,SY1114672.2026.47056,iPad1(1114672),01.06.26 12:40,Prod,A1114672.6473,Tisch 5,Manager(946638),S1114672.47056,SALE,1,5.4,5.4,0.0,0.0,0.0,0.0,S5,Schnitzel,Speisen Küche(1549873308500113),[],MwSt. 7%,1.07,5.046729,0.353271,Pagersystem
S1114672.47057,SP1114672.54.79,SY1114672.2026.47057,iPad1(1114672),01.06.26 12:40,Prod,A1114672.6473,Tisch 5,Manager(946638),S1114672.47057,SALE,1,17.5,17.5,0.0,0.0,0.0,0.0,I1-1770047,Spargelmenü,Speisen Küche(1549873308500113),,MwSt. 7%,1.07,16.35514,1.14486,Pagersystem
S1114672.47058,SP1114672.54.80,SY1114672.2026.47058,iPad1(1114672),01.06.26 12:40,Prod,A1114672.6473,Tisch 5,Manager(946638),S1114672.47058,SALE,1,0.0,0.0,0.0,0.0,0.0,0.0,S3,Sauce Hollandaise,Speisen Küche(1549873308500113),[],MwSt. 7%,1.07,0,0,Pagersystem
S1114672.47059,SP1114672.54.81,SY1114672.2026.47059,iPad1(1114672),01.06.26 12:40,Prod,A1114672.6473,Tisch 5,Manager(946638),S1114672.47059,SALE,1,5.4,5.4,0.0,0.0,0.0,0.0,S5,Schnitzel,Speisen Küche(1549873308500113),[],MwSt. 7%,1.07,5.046729,0.353271,Pagersystem
S1114672.47060,SP1114672.54.82,SY1114672.2026.47060,iPad1(1114672),01.06.26 12:41,Prod,A1114672.6474,,Manager(946638),S1114672.47060,SALE,1,17.5,17.5,0.0,0.0,0.0,0.0,I1-1770047,Spargelmenü,Speisen Küche(1549873308500113),,MwSt. 7%,1.07,16.35514,1.14486,Ohne Pager
S1114672.47061,SP1114672.54.83,SY1114672.2026.47061,iPad1(1114672),01.06.26 12:41,Prod,A1114672.6474,,Manager(946638),S1114672.47061,SALE,1,0.0,0.0,0.0,0.0,0.0,0.0,S3,Sauce Hollandaise,Speisen Küche(1549873308500113),[],MwSt. 7%,1.07,0,0,Ohne Pager
S1114672.47062,SP1114672.54.84,SY1114672.2026.47062,iPad1(1114672),01.06.26 12:41,Prod,A1114672.6474,,Manager(946638),S1114672.47062,SALE,1,5.4,5.4,0.0,0.0,0.0,0.0,S5,Schnitzel,Speisen Küche(1549873308500113),[],MwSt. 7%,1.07,5.046729,0.353271,Ohne Pager
S1114672.47063,SP1114672.54.85,SY1114672.2026.47063,iPad1(1114672),01.06.26 12:41,Prod,A1114672.6474,,Manager(946638),S1114672.47063,SALE,1,17.5,17.5,0.0,0.0,0.0,0.0,I1-1770047,Spargelmenü,Speisen Küche(1549873308500113),,MwSt. 7%,1.07,16.35514,1.14486,Ohne Pager
S1114672.47064,SP1114672.54.86,SY1114672.2026.47064,iPad1(1114672),01.06.26 12:41,Prod,A1114672.6474,,Manager(946638),S1114672.47064,SALE,1,0.0,0.0,0.0,0.0,0.0,0.0,S3,Sauce Hollandaise,Speisen Küche(1549873308500113),[],MwSt. 7%,1.07,0,0,Ohne Pager
S1114672.47065,SP1114672.54.87,SY1114672.2026.47065,iPad1(1114672),01.06.26 12:41,Prod,A1114672.6474,,Manager(946638),S1114672.47065,SALE,1,5.4,5.4,0.0,0.0,0.0,0.0,S5,Schnitzel,Speisen Küche(1549873308500113),[],MwSt. 7%,1.07,5.046729,0.353271,Ohne Pager
S1114672.47066,SP1114672.54.88,SY1114672.2026.47066,iPad1(1114672),01.06.26 12:42,Prod,A1114672.6475,Tisch 7,Manager(946638),S1114672.47066,SALE,1,10.9,10.9,0.0,0.0,0.0,0.0,I2-1770047,KL. Spargelmenü,Speisen Küche(1549873308500113),,MwSt. 7%,1.07,10.186916,0.713084,Pagersystem
S1114672.47067,SP1114672.54.89,SY1114672.2026.47067,iPad1(1114672),01.06.26 12:42,Prod,A1114672.6475,Tisch 7,Manager(946638),S1114672.47067,SALE,1,0.0,0.0,0.0,0.0,0.0,0.0,S3,Sauce Hollandaise,Speisen Küche(1549873308500113),[],MwSt. 7%,1.07,0,0,Pagersystem
S1114672.47068,SP1114672.54.90,SY1114672.2026.47068,iPad1(1114672),01.06.26 12:42,Prod,A1114672.6475,Tisch 7,Manager(946638),S1114672.47068,SALE,1,2.0,2.0,0.0,0.0,0.0,0.0,S5,Schnitzel,Speisen Küche(1549873308500113),[],MwSt. 7%,1.07,1.869159,0.130841,Pagersystem
S1114672.47069,SP1114672.54.91,SY1114672.2026.47069,iPad1(1114672),01.06.26 12:43,Prod,A1114672.6475,Tisch 7,Manager(946638),S1114672.47069,SALE,1,2.5,2.5,0.0,0.0,0.0,0.0,155,"Wasser Sprudel (0,3 L)",Getränke(1549873308501013),[],MwSt. 19%,1.19,2.10084,0.39916,Pagersystem
S1114672.47070,SP1114672.54.92,SY1114672.2026.47070,iPad1(1114672),01.06.26 12:43,Prod,A1114672.6475,Tisch 7,Manager(946638),S1114672.47070,SALE,1,3.4,3.4,0.0,0.0,0.0,0.0,I53,"Cola (0,3 L)",Getränke(1549873308501013),,MwSt. 19%,1.19,2.857143,0.542857,Pagersystem
S1114672.47071,SP1114672.54.93,SY1114672.2026.47071,iPad1(1114672),01.06.26 12:43,Prod,A1114672.6475,Tisch 7,Manager(946638),S1114672.47071,SALE,1,9.9,9.9,0.0,0.0,0.0,0.0,144,Kl. Schnitzel mit Pommes,Speisen Küche(1549873308500113),,MwSt. 7%,1.07,9.252336,0.647664,Pagersystem
S1114672.47072,SP1114672.54.94,SY1114672.2026.47072,iPad1(1114672),01.06.26 12:43,Prod,A1114672.6476,Tisch 7,Manager(946638),S1114672.47066,VOID,-1,10.9,-10.9,0.0,0.0,0.0,0.0,I2-1770047,KL. Spargelmenü,Speisen Küche(1549873308500113),,MwSt. 7%,1.07,-10.186916,-0.713084,Pagersystem
S1114672.47073,SP1114672.54.95,SY1114672.2026.47073,iPad1(1114672),01.06.26 12:43,Prod,A1114672.6476,Tisch 7,Manager(946638),S1114672.47067,VOID,-1,0.0,0.0,0.0,0.0,0.0,0.0,S3,Sauce Hollandaise,Speisen Küche(1549873308500113),[],MwSt. 7%,1.07,0,0,Pagersystem
S1114672.47074,SP1114672.54.96,SY1114672.2026.47074,iPad1(1114672),01.06.26 12:43,Prod,A1114672.6476,Tisch 7,Manager(946638),S1114672.47068,VOID,-1,2.0,-2.0,0.0,0.0,0.0,0.0,S5,Schnitzel,Speisen Küche(1549873308500113),[],MwSt. 7%,1.07,-1.869159,-0.130841,Pagersystem
S1114672.47075,SP1114672.54.97,SY1114672.2026.47075,iPad1(1114672),01.06.26 12:43,Prod,A1114672.6476,Tisch 7,Manager(946638),S1114672.47069,VOID,-1,2.5,-2.5,0.0,0.0,0.0,0.0,155,"Wasser Sprudel (0,3 L)",Getränke(1549873308501013),[],MwSt. 19%,1.19,-2.10084,-0.39916,Pagersystem
S1114672.47076,SP1114672.54.98,SY1114672.2026.47076,iPad1(1114672),01.06.26 12:43,Prod,A1114672.6476,Tisch 7,Manager(946638),S1114672.47070,VOID,-1,3.4,-3.4,0.0,0.0,0.0,0.0,I53,"Cola (0,3 L)",Getränke(1549873308501013),,MwSt. 19%,1.19,-2.857143,-0.542857,Pagersystem
S1114672.47077,SP1114672.54.99,SY1114672.2026.47077,iPad1(1114672),01.06.26 12:43,Prod,A1114672.6476,Tisch 7,Manager(946638),S1114672.47071,VOID,-1,9.9,-9.9,0.0,0.0,0.0,0.0,144,Kl. Schnitzel mit Pommes,Speisen Küche(1549873308500113),,MwSt. 7%,1.07,-9.252336,-0.647664,Pagersystem
S1114672.47078,SP1114672.54.100,SY1114672.2026.47078,iPad1(1114672),01.06.26 12:43,Prod,A1114672.6477,Tisch 7,Manager(946638),S1114672.47078,SALE,1,10.9,10.9,0.0,0.0,0.0,0.0,I2-1770047,KL. Spargelmenü,Speisen Küche(1549873308500113),,MwSt. 7%,1.07,10.186916,0.713084,Pagersystem
S1114672.47079,SP1114672.54.101,SY1114672.2026.47079,iPad1(1114672),01.06.26 12:43,Prod,A1114672.6477,Tisch 7,Manager(946638),S1114672.47079,SALE,1,0.0,0.0,0.0,0.0,0.0,0.0,S3,Sauce Hollandaise,Speisen Küche(1549873308500113),[],MwSt. 7%,1.07,0,0,Pagersystem
S1114672.47080,SP1114672.54.102,SY1114672.2026.47080,iPad1(1114672),01.06.26 12:43,Prod,A1114672.6477,Tisch 7,Manager(946638),S1114672.47080,SALE,1,2.0,2.0,0.0,0.0,0.0,0.0,S5,Schnitzel,Speisen Küche(1549873308500113),[],MwSt. 7%,1.07,1.869159,0.130841,Pagersystem
S1114672.47081,SP1114672.54.103,SY1114672.2026.47081,iPad1(1114672),01.06.26 12:43,Prod,A1114672.6477,Tisch 7,Manager(946638),S1114672.47081,SALE,1,9.9,9.9,0.0,0.0,0.0,0.0,144,Kl. Schnitzel mit Pommes,Speisen Küche(1549873308500113),,MwSt. 7%,1.07,9.252336,0.647664,Pagersystem
S1114672.47082,SP1114672.54.104,SY1114672.2026.47082,iPad1(1114672),01.06.26 12:43,Prod,A1114672.6477,Tisch 7,Manager(946638),S1114672.47082,SALE,1,2.5,2.5,0.0,0.0,0.0,0.0,155,"Wasser Sprudel (0,3 L)",Getränke(1549873308501013),[],MwSt. 19%,1.19,2.10084,0.39916,Pagersystem
S1114672.47083,SP1114672.54.105,SY1114672.2026.47083,iPad1(1114672),01.06.26 12:43,Prod,A1114672.6477,Tisch 7,Manager(946638),S1114672.47083,SALE,1,3.4,3.4,0.0,0.0,0.0,0.0,I53,"Cola (0,3 L)",Getränke(1549873308501013),,MwSt. 19%,1.19,2.857143,0.542857,Pagersystem
S1114672.47084,SP1114672.54.106,SY1114672.2026.47084,iPad1(1114672),01.06.26 12:44,Prod,A1114672.6478,Tisch 8,Manager(946638),S1114672.47084,SALE,1,7.9,7.9,0.0,0.0,0.0,0.0,I7-1770047,Spargelsalat,Speisen Küche(1549873308500113),,MwSt. 7%,1.07,7.383178,0.516822,Pagersystem
S1114672.47085,SP1114672.54.107,SY1114672.2026.47085,iPad1(1114672),01.06.26 12:44,Prod,A1114672.6478,Tisch 8,Manager(946638),S1114672.47085,SALE,1,0.0,0.0,0.0,0.0,0.0,0.0,191,Spargelsuppe,Speisen Küche(1549873308500113),[],MwSt. 7%,1.07,0,0,Pagersystem
S1114672.47086,SP1114672.54.108,SY1114672.2026.47086,iPad1(1114672),01.06.26 12:44,Prod,A1114672.6478,Tisch 8,Manager(946638),S1114672.47086,SALE,1,4.9,4.9,0.0,0.0,0.0,0.0,I4-1770047,Spargelsuppe Klein,Speisen Küche(1549873308500113),,MwSt. 7%,1.07,4.579439,0.320561,Pagersystem
S1114672.47087,SP1114672.54.109,SY1114672.2026.47087,iPad1(1114672),01.06.26 12:44,Prod,A1114672.6478,Tisch 8,Manager(946638),S1114672.47087,SALE,1,0.0,0.0,0.0,0.0,0.0,0.0,189,Vorher,Speisen Küche(1549873308500113),[],MwSt. 7%,1.07,0,0,Pagersystem
S1114672.47088,SP1114672.54.110,SY1114672.2026.47088,iPad1(1114672),01.06.26 12:44,Prod,A1114672.6478,Tisch 8,Manager(946638),S1114672.47088,SALE,1,0.0,0.0,0.0,0.0,0.0,0.0,191,Spargelsuppe,Speisen Küche(1549873308500113),[],MwSt. 7%,1.07,0,0,Pagersystem
S1114672.47089,SP1114672.54.111,SY1114672.2026.47089,iPad1(1114672),01.06.26 12:44,Prod,A1114672.6478,Tisch 8,Manager(946638),S1114672.47089,SALE,1,4.9,4.9,0.0,0.0,0.0,0.0,I4-1770047,Spargelsuppe Klein,Speisen Küche(1549873308500113),,MwSt. 7%,1.07,4.579439,0.320561,Pagersystem
S1114672.47090,SP1114672.54.112,SY1114672.2026.47090,iPad1(1114672),01.06.26 12:44,Prod,A1114672.6478,Tisch 8,Manager(946638),S1114672.47090,SALE,1,0.0,0.0,0.0,0.0,0.0,0.0,189,Vorher,Speisen Küche(1549873308500113),[],MwSt. 7%,1.07,0,0,Pagersystem
S1114672.47091,SP1114672.54.113,SY1114672.2026.47091,iPad1(1114672),01.06.26 12:45,Prod,A1114672.6478,Tisch 8,Manager(946638),S1114672.47091,SALE,1,10.9,10.9,0.0,0.0,0.0,0.0,I2-1770047,KL. Spargelmenü,Speisen Küche(1549873308500113),,MwSt. 7%,1.07,10.186916,0.713084,Pagersystem
S1114672.47092,SP1114672.54.114,SY1114672.2026.47092,iPad1(1114672),01.06.26 12:45,Prod,A1114672.6478,Tisch 8,Manager(946638),S1114672.47092,SALE,1,0.0,0.0,0.0,0.0,0.0,0.0,S3,Sauce Hollandaise,Speisen Küche(1549873308500113),[],MwSt. 7%,1.07,0,0,Pagersystem
S1114672.47093,SP1114672.54.115,SY1114672.2026.47093,iPad1(1114672),01.06.26 12:45,Prod,A1114672.6478,Tisch 8,Manager(946638),S1114672.47093,SALE,1,2.0,2.0,0.0,0.0,0.0,0.0,S6,Lachs,Speisen Küche(1549873308500113),[],MwSt. 7%,1.07,1.869159,0.130841,Pagersystem
S1114672.47094,SP1114672.54.116,SY1114672.2026.47094,iPad1(1114672),01.06.26 12:45,Prod,A1114672.6479,Tisch 9,Manager(946638),S1114672.47094,SALE,1,10.9,10.9,0.0,0.0,0.0,0.0,I2-1770047,KL. Spargelmenü,Speisen Küche(1549873308500113),,MwSt. 7%,1.07,10.186916,0.713084,Pagersystem
S1114672.47095,SP1114672.54.117,SY1114672.2026.47095,iPad1(1114672),01.06.26 12:45,Prod,A1114672.6479,Tisch 9,Manager(946638),S1114672.47095,SALE,1,0.0,0.0,0.0,0.0,0.0,0.0,S3,Sauce Hollandaise,Speisen Küche(1549873308500113),[],MwSt. 7%,1.07,0,0,Pagersystem
S1114672.47096,SP1114672.54.118,SY1114672.2026.47096,iPad1(1114672),01.06.26 12:45,Prod,A1114672.6479,Tisch 9,Manager(946638),S1114672.47096,SALE,1,9.9,9.9,0.0,0.0,0.0,0.0,144,Kl. Schnitzel mit Pommes,Speisen Küche(1549873308500113),,MwSt. 7%,1.07,9.252336,0.647664,Pagersystem
S1114672.47097,SP1114672.54.119,SY1114672.2026.47097,iPad1(1114672),01.06.26 12:45,Prod,A1114672.6479,Tisch 9,Manager(946638),S1114672.47097,SALE,1,4.4,4.4,0.0,0.0,0.0,0.0,I62,"Fassbrause (0,5 L)",Getränke(1549873308501013),,MwSt. 19%,1.19,3.697479,0.702521,Pagersystem
S1114672.47098,SP1114672.54.120,SY1114672.2026.47098,iPad1(1114672),01.06.26 12:46,Prod,A1114672.6479,Tisch 9,Manager(946638),S1114672.47098,SALE,1,3.5,3.5,0.0,0.0,0.0,0.0,I36,"Fassbier (0,3 L)",Getränke alkoholisch(1549873308501121),,MwSt. 19%,1.19,2.941176,0.558824,Pagersystem
S1114672.47099,SP1114672.54.121,SY1114672.2026.47099,iPad1(1114672),01.06.26 12:47,Prod,A1114672.6480,,Manager(946638),S1114672.47099,SALE,1,4.2,4.2,0.0,0.0,0.0,0.0,I14,Weizenbier alkoholfrei,Getränke alkoholisch(1549873308501121),,MwSt. 19%,1.19,3.529412,0.670588,Ohne Pager
S1114672.47100,SP1114672.54.122,SY1114672.2026.47100,iPad1(1114672),01.06.26 12:54,Prod,A1114672.6481,,Manager(946638),S1114672.47100,SALE,1,17.5,17.5,0.0,0.0,0.0,0.0,I1-1770047,Spargelmenü,Speisen Küche(1549873308500113),,MwSt. 7%,1.07,16.35514,1.14486,Ohne Pager
S1114672.47101,SP1114672.54.123,SY1114672.2026.47101,iPad1(1114672),01.06.26 12:54,Prod,A1114672.6481,,Manager(946638),S1114672.47101,SALE,1,0.0,0.0,0.0,0.0,0.0,0.0,S4,Semmelbutter,Speisen Küche(1549873308500113),[],MwSt. 7%,1.07,0,0,Ohne Pager
S1114672.47102,SP1114672.54.124,SY1114672.2026.47102,iPad1(1114672),01.06.26 12:54,Prod,A1114672.6481,,Manager(946638),S1114672.47102,SALE,1,5.4,5.4,0.0,0.0,0.0,0.0,S5,Schnitzel,Speisen Küche(1549873308500113),[],MwSt. 7%,1.07,5.046729,0.353271,Ohne Pager
S1114672.47103,SP1114672.54.125,SY1114672.2026.47103,iPad1(1114672),01.06.26 12:54,Prod,A1114672.6481,,Manager(946638),S1114672.47103,SALE,1,3.5,3.5,0.0,0.0,0.0,0.0,I36,"Fassbier (0,3 L)",Getränke alkoholisch(1549873308501121),,MwSt. 19%,1.19,2.941176,0.558824,Ohne Pager
S1114672.47104,SP1114672.54.126,SY1114672.2026.47104,iPad1(1114672),01.06.26 12:54,Prod,A1114672.6481,,Manager(946638),S1114672.47104,SALE,1,17.5,17.5,0.0,0.0,0.0,0.0,I1-1770047,Spargelmenü,Speisen Küche(1549873308500113),,MwSt. 7%,1.07,16.35514,1.14486,Ohne Pager
S1114672.47105,SP1114672.54.127,SY1114672.2026.47105,iPad1(1114672),01.06.26 12:54,Prod,A1114672.6481,,Manager(946638),S1114672.47105,SALE,1,0.0,0.0,0.0,0.0,0.0,0.0,S3,Sauce Hollandaise,Speisen Küche(1549873308500113),[],MwSt. 7%,1.07,0,0,Ohne Pager
S1114672.47106,SP1114672.54.128,SY1114672.2026.47106,iPad1(1114672),01.06.26 12:54,Prod,A1114672.6481,Tisch 10,Manager(946638),S1114672.47106,SALE,1,3.4,3.4,0.0,0.0,0.0,0.0,I63,"Orangensaft (0,3 L)",Getränke(1549873308501013),,MwSt. 19%,1.19,2.857143,0.542857,Pagersystem
S1114672.47107,SP1114672.54.129,SY1114672.2026.47107,iPad1(1114672),01.06.26 13:13,Prod,A1114672.6482,,Manager(946638),S1114672.47107,SALE,1,17.5,17.5,0.0,0.0,0.0,0.0,I1-1770047,Spargelmenü,Speisen Küche(1549873308500113),,MwSt. 7%,1.07,16.35514,1.14486,Ohne Pager
S1114672.47108,SP1114672.54.130,SY1114672.2026.47108,iPad1(1114672),01.06.26 13:13,Prod,A1114672.6482,,Manager(946638),S1114672.47108,SALE,1,0.0,0.0,0.0,0.0,0.0,0.0,S3,Sauce Hollandaise,Speisen Küche(1549873308500113),[],MwSt. 7%,1.07,0,0,Ohne Pager
S1114672.47109,SP1114672.54.131,SY1114672.2026.47109,iPad1(1114672),01.06.26 13:13,Prod,A1114672.6482,,Manager(946638),S1114672.47109,SALE,1,5.4,5.4,0.0,0.0,0.0,0.0,S5,Schnitzel,Speisen Küche(1549873308500113),[],MwSt. 7%,1.07,5.046729,0.353271,Ohne Pager
S1114672.47110,SP1114672.54.132,SY1114672.2026.47110,iPad1(1114672),01.06.26 13:13,Prod,A1114672.6482,,Manager(946638),S1114672.47110,SALE,1,4.2,4.2,0.0,0.0,0.0,0.0,I52,"Apfelschorle (0,5 L)",Getränke(1549873308501013),,MwSt. 19%,1.19,3.529412,0.670588,Ohne Pager
S1114672.47111,SP1114672.54.133,SY1114672.2026.47111,iPad1(1114672),01.06.26 13:14,Prod,A1114672.6482,Tisch 1,Manager(946638),S1114672.47111,SALE,1,4.2,4.2,0.0,0.0,0.0,0.0,I52,"Apfelschorle (0,5 L)",Getränke(1549873308501013),,MwSt. 19%,1.19,3.529412,0.670588,Pagersystem
S1114672.47112,SP1114672.54.134,SY1114672.2026.47112,iPad1(1114672),01.06.26 13:15,Prod,A1114672.6482,Tisch 1,Manager(946638),S1114672.47112,SALE,1,17.5,17.5,0.0,0.0,0.0,0.0,I1-1770047,Spargelmenü,Speisen Küche(1549873308500113),,MwSt. 7%,1.07,16.35514,1.14486,Pagersystem
S1114672.47113,SP1114672.54.135,SY1114672.2026.47113,iPad1(1114672),01.06.26 13:15,Prod,A1114672.6482,Tisch 1,Manager(946638),S1114672.47113,SALE,1,0.0,0.0,0.0,0.0,0.0,0.0,S4,Semmelbutter,Speisen Küche(1549873308500113),[],MwSt. 7%,1.07,0,0,Pagersystem
S1114672.47114,SP1114672.54.136,SY1114672.2026.47114,iPad1(1114672),01.06.26 13:15,Prod,A1114672.6482,Tisch 1,Manager(946638),S1114672.47114,SALE,1,2.4,2.4,0.0,0.0,0.0,0.0,S7,Schinken,Speisen Küche(1549873308500113),[],MwSt. 7%,1.07,2.242991,0.157009,Pagersystem
S1114672.47115,SP1114672.54.137,SY1114672.2026.47115,iPad1(1114672),01.06.26 13:16,Prod,A1114672.6483,,Manager(946638),S1114672.47115,SALE,1,4.5,4.5,0.0,0.0,0.0,0.0,I24,Waffel,Speisen Theke(1549873308501495),,MwSt. 7%,1.07,4.205607,0.294393,Ohne Pager
S1114672.47116,SP1114672.54.138,SY1114672.2026.47116,iPad1(1114672),01.06.26 13:16,Prod,A1114672.6483,,Manager(946638),S1114672.47116,SALE,1,0.0,0.0,0.0,0.0,0.0,0.0,S29,Puderzucker,Speisen Theke(1549873308501495),[],MwSt. 7%,1.07,0,0,Ohne Pager
S1114672.47117,SP1114672.54.139,SY1114672.2026.47117,iPad1(1114672),01.06.26 13:16,Prod,A1114672.6483,,Manager(946638),S1114672.47117,SALE,1,3.7,3.7,0.0,0.0,0.0,0.0,S24,Erdbeeren,Speisen Theke(1549873308501495),[],MwSt. 7%,1.07,3.457944,0.242056,Ohne Pager
S1114672.47118,SP1114672.54.140,SY1114672.2026.47118,iPad1(1114672),01.06.26 13:16,Prod,A1114672.6483,,Manager(946638),S1114672.47118,SALE,1,1.4,1.4,0.0,0.0,0.0,0.0,121,Vanilleeis,Speisen Theke(1549873308501495),[],MwSt. 7%,1.07,1.308411,0.091589,Ohne Pager
S1114672.47119,SP1114672.54.141,SY1114672.2026.47119,iPad1(1114672),01.06.26 13:16,Prod,A1114672.6483,,Manager(946638),S1114672.47119,SALE,1,0.0,0.0,0.0,0.0,0.0,0.0,196,Pager Nr. 1 Theke,Speisen Theke(1549873308501495),[],MwSt. 7%,1.07,0,0,Ohne Pager
S1114672.47120,SP1114672.54.142,SY1114672.2026.47120,iPad1(1114672),01.06.26 13:17,Prod,A1114672.6484,,Manager(946638),S1114672.47120,SALE,1,4.5,4.5,0.0,0.0,0.0,0.0,I24,Waffel,Speisen Theke(1549873308501495),,MwSt. 7%,1.07,4.205607,0.294393,Ohne Pager
S1114672.47121,SP1114672.54.143,SY1114672.2026.47121,iPad1(1114672),01.06.26 13:17,Prod,A1114672.6484,,Manager(946638),S1114672.47121,SALE,1,0.0,0.0,0.0,0.0,0.0,0.0,S29,Puderzucker,Speisen Theke(1549873308501495),[],MwSt. 7%,1.07,0,0,Ohne Pager
S1114672.47122,SP1114672.54.144,SY1114672.2026.47122,iPad1(1114672),01.06.26 13:17,Prod,A1114672.6484,,Manager(946638),S1114672.47122,SALE,1,3.7,3.7,0.0,0.0,0.0,0.0,S24,Erdbeeren,Speisen Theke(1549873308501495),[],MwSt. 7%,1.07,3.457944,0.242056,Ohne Pager
S1114672.47123,SP1114672.54.145,SY1114672.2026.47123,iPad1(1114672),01.06.26 13:17,Prod,A1114672.6484,,Manager(946638),S1114672.47123,SALE,1,1.4,1.4,0.0,0.0,0.0,0.0,121,Vanilleeis,Speisen Theke(1549873308501495),[],MwSt. 7%,1.07,1.308411,0.091589,Ohne Pager
S1114672.47124,SP1114672.54.146,SY1114672.2026.47124,iPad1(1114672),01.06.26 13:17,Prod,A1114672.6484,,Manager(946638),S1114672.47124,SALE,1,0.0,0.0,0.0,0.0,0.0,0.0,197,Pager Nr. 2 Theke,Speisen Theke(1549873308501495),[],MwSt. 7%,1.07,0,0,Ohne Pager
S1114672.47125,SP1114672.54.147,SY1114672.2026.47125,iPad1(1114672),01.06.26 13:31,Prod,A1114672.6485,,Manager(946638),S1114672.47125,SALE,1,17.5,17.5,0.0,0.0,0.0,0.0,I1-1770047,Spargelmenü,Speisen Küche(1549873308500113),,MwSt. 7%,1.07,16.35514,1.14486,Ohne Pager
S1114672.47126,SP1114672.54.148,SY1114672.2026.47126,iPad1(1114672),01.06.26 13:31,Prod,A1114672.6485,,Manager(946638),S1114672.47126,SALE,1,0.0,0.0,0.0,0.0,0.0,0.0,S4,Semmelbutter,Speisen Küche(1549873308500113),[],MwSt. 7%,1.07,0,0,Ohne Pager
S1114672.47127,SP1114672.54.149,SY1114672.2026.47127,iPad1(1114672),01.06.26 13:31,Prod,A1114672.6485,,Manager(946638),S1114672.47127,SALE,1,5.4,5.4,0.0,0.0,0.0,0.0,S5,Schnitzel,Speisen Küche(1549873308500113),[],MwSt. 7%,1.07,5.046729,0.353271,Ohne Pager
S1114672.47128,SP1114672.54.150,SY1114672.2026.47128,iPad1(1114672),01.06.26 13:31,Prod,A1114672.6485,,Manager(946638),S1114672.47128,SALE,1,10.9,10.9,0.0,0.0,0.0,0.0,I2-1770047,KL. Spargelmenü,Speisen Küche(1549873308500113),,MwSt. 7%,1.07,10.186916,0.713084,Ohne Pager
S1114672.47129,SP1114672.54.151,SY1114672.2026.47129,iPad1(1114672),01.06.26 13:31,Prod,A1114672.6485,,Manager(946638),S1114672.47129,SALE,1,0.0,0.0,0.0,0.0,0.0,0.0,S4,Semmelbutter,Speisen Küche(1549873308500113),[],MwSt. 7%,1.07,0,0,Ohne Pager
S1114672.47130,SP1114672.54.152,SY1114672.2026.47130,iPad1(1114672),01.06.26 13:31,Prod,A1114672.6485,,Manager(946638),S1114672.47130,SALE,1,2.0,2.0,0.0,0.0,0.0,0.0,S5,Schnitzel,Speisen Küche(1549873308500113),[],MwSt. 7%,1.07,1.869159,0.130841,Ohne Pager
S1114672.47131,SP1114672.54.153,SY1114672.2026.47131,iPad1(1114672),01.06.26 13:31,Prod,A1114672.6485,,Manager(946638),S1114672.47131,SALE,1,10.9,10.9,0.0,0.0,0.0,0.0,I2-1770047,KL. Spargelmenü,Speisen Küche(1549873308500113),,MwSt. 7%,1.07,10.186916,0.713084,Ohne Pager
S1114672.47132,SP1114672.54.154,SY1114672.2026.47132,iPad1(1114672),01.06.26 13:31,Prod,A1114672.6485,,Manager(946638),S1114672.47132,SALE,1,0.0,0.0,0.0,0.0,0.0,0.0,S4,Semmelbutter,Speisen Küche(1549873308500113),[],MwSt. 7%,1.07,0,0,Ohne Pager
S1114672.47133,SP1114672.54.155,SY1114672.2026.47133,iPad1(1114672),01.06.26 13:31,Prod,A1114672.6485,,Manager(946638),S1114672.47133,SALE,1,2.0,2.0,0.0,0.0,0.0,0.0,S5,Schnitzel,Speisen Küche(1549873308500113),[],MwSt. 7%,1.07,1.869159,0.130841,Ohne Pager
S1114672.47134,SP1114672.54.156,SY1114672.2026.47134,iPad1(1114672),01.06.26 13:31,Prod,A1114672.6485,Tisch 2,Manager(946638),S1114672.47134,SALE,1,3.4,3.4,0.0,0.0,0.0,0.0,I63,"Orangensaft (0,3 L)",Getränke(1549873308501013),,MwSt. 19%,1.19,2.857143,0.542857,Pagersystem
S1114672.47135,SP1114672.54.157,SY1114672.2026.47135,iPad1(1114672),01.06.26 13:31,Prod,A1114672.6485,Tisch 2,Manager(946638),S1114672.47135,SALE,1,4.4,4.4,0.0,0.0,0.0,0.0,I54,"Cola (0,5 L)",Getränke(1549873308501013),,MwSt. 19%,1.19,3.697479,0.702521,Pagersystem
S1114672.47136,SP1114672.54.158,SY1114672.2026.47136,iPad1(1114672),01.06.26 13:32,Prod,A1114672.6485,Tisch 2,Manager(946638),S1114672.47136,SALE,1,3.2,3.2,0.0,0.0,0.0,0.0,I51,"Apfelschorle (0,3 L)",Getränke(1549873308501013),,MwSt. 19%,1.19,2.689076,0.510924,Pagersystem
S1114672.47137,SP1114672.54.159,SY1114672.2026.47137,iPad1(1114672),01.06.26 13:48,Prod,A1114672.6486,Tisch 1,Manager(946638),S1114672.47137,SALE,1,0.0,0.0,0.0,0.0,0.0,0.0,191,Spargelsuppe,Speisen Küche(1549873308500113),[],MwSt. 7%,1.07,0,0,Pagersystem
S1114672.47138,SP1114672.54.160,SY1114672.2026.47138,iPad1(1114672),01.06.26 13:48,Prod,A1114672.6486,Tisch 1,Manager(946638),S1114672.47138,SALE,1,4.9,4.9,0.0,0.0,0.0,0.0,I4-1770047,Spargelsuppe Klein,Speisen Küche(1549873308500113),,MwSt. 7%,1.07,4.579439,0.320561,Pagersystem
S1114672.47139,SP1114672.54.161,SY1114672.2026.47139,iPad1(1114672),01.06.26 13:48,Prod,A1114672.6486,Tisch 1,Manager(946638),S1114672.47139,SALE,1,0.0,0.0,0.0,0.0,0.0,0.0,190,Zusammen,Speisen Küche(1549873308500113),[],MwSt. 7%,1.07,0,0,Pagersystem
S1114672.47140,SP1114672.54.162,SY1114672.2026.47140,iPad1(1114672),01.06.26 13:48,Prod,A1114672.6486,Tisch 1,Manager(946638),S1114672.47140,SALE,1,0.0,0.0,0.0,0.0,0.0,0.0,191,Spargelsuppe,Speisen Küche(1549873308500113),[],MwSt. 7%,1.07,0,0,Pagersystem
S1114672.47141,SP1114672.54.163,SY1114672.2026.47141,iPad1(1114672),01.06.26 13:48,Prod,A1114672.6486,Tisch 1,Manager(946638),S1114672.47141,SALE,1,4.9,4.9,0.0,0.0,0.0,0.0,I4-1770047,Spargelsuppe Klein,Speisen Küche(1549873308500113),,MwSt. 7%,1.07,4.579439,0.320561,Pagersystem
S1114672.47142,SP1114672.54.164,SY1114672.2026.47142,iPad1(1114672),01.06.26 13:48,Prod,A1114672.6486,Tisch 1,Manager(946638),S1114672.47142,SALE,1,0.0,0.0,0.0,0.0,0.0,0.0,190,Zusammen,Speisen Küche(1549873308500113),[],MwSt. 7%,1.07,0,0,Pagersystem
S1114672.47143,SP1114672.54.165,SY1114672.2026.47143,iPad1(1114672),01.06.26 13:50,Prod,A1114672.6487,Tisch 2,Manager(946638),S1114672.47143,SALE,1,17.5,17.5,0.0,0.0,0.0,0.0,I1-1770047,Spargelmenü,Speisen Küche(1549873308500113),,MwSt. 7%,1.07,16.35514,1.14486,Pagersystem
S1114672.47144,SP1114672.54.166,SY1114672.2026.47144,iPad1(1114672),01.06.26 13:50,Prod,A1114672.6487,Tisch 2,Manager(946638),S1114672.47144,SALE,1,0.0,0.0,0.0,0.0,0.0,0.0,S4,Semmelbutter,Speisen Küche(1549873308500113),[],MwSt. 7%,1.07,0,0,Pagersystem
S1114672.47145,SP1114672.54.167,SY1114672.2026.47145,iPad1(1114672),01.06.26 13:50,Prod,A1114672.6487,Tisch 2,Manager(946638),S1114672.47145,SALE,1,2.5,2.5,0.0,0.0,0.0,0.0,152,"Wasser Still (0,3 L)",Getränke(1549873308501013),[],MwSt. 19%,1.19,2.10084,0.39916,Pagersystem
S1114672.47146,SP1114672.54.168,SY1114672.2026.47146,iPad1(1114672),01.06.26 13:51,Prod,A1114672.6488,,Manager(946638),S1114672.47146,SALE,1,10.9,10.9,0.0,0.0,0.0,0.0,I2-1770047,KL. Spargelmenü,Speisen Küche(1549873308500113),,MwSt. 7%,1.07,10.186916,0.713084,Ohne Pager
S1114672.47147,SP1114672.54.169,SY1114672.2026.47147,iPad1(1114672),01.06.26 13:51,Prod,A1114672.6488,,Manager(946638),S1114672.47147,SALE,1,0.0,0.0,0.0,0.0,0.0,0.0,S4,Semmelbutter,Speisen Küche(1549873308500113),[],MwSt. 7%,1.07,0,0,Ohne Pager
S1114672.47148,SP1114672.54.170,SY1114672.2026.47148,iPad1(1114672),01.06.26 13:51,Prod,A1114672.6488,,Manager(946638),S1114672.47148,SALE,1,2.0,2.0,0.0,0.0,0.0,0.0,S5,Schnitzel,Speisen Küche(1549873308500113),[],MwSt. 7%,1.07,1.869159,0.130841,Ohne Pager
S1114672.47149,SP1114672.54.171,SY1114672.2026.47149,iPad1(1114672),01.06.26 13:51,Prod,A1114672.6488,,Manager(946638),S1114672.47149,SALE,1,3.9,3.9,0.0,0.0,0.0,0.0,I46,Berliner Weiße,Getränke alkoholisch(1549873308501121),,MwSt. 19%,1.19,3.277311,0.622689,Ohne Pager
S1114672.47150,SP1114672.54.172,SY1114672.2026.47150,iPad1(1114672),01.06.26 13:51,Prod,A1114672.6488,,Manager(946638),S1114672.47150,SALE,1,0.0,0.0,0.0,0.0,0.0,0.0,S31,Grün,Getränke(1549873308501013),[],MwSt. 19%,1.19,0,0,Ohne Pager
S1114672.47151,SP1114672.54.173,SY1114672.2026.47151,iPad1(1114672),01.06.26 13:52,Prod,A1114672.6489,,Manager(946638),S1114672.47151,SALE,1,17.5,17.5,0.0,0.0,0.0,0.0,I1-1770047,Spargelmenü,Speisen Küche(1549873308500113),,MwSt. 7%,1.07,16.35514,1.14486,Ohne Pager
S1114672.47152,SP1114672.54.174,SY1114672.2026.47152,iPad1(1114672),01.06.26 13:52,Prod,A1114672.6489,,Manager(946638),S1114672.47152,SALE,1,0.0,0.0,0.0,0.0,0.0,0.0,S4,Semmelbutter,Speisen Küche(1549873308500113),[],MwSt. 7%,1.07,0,0,Ohne Pager
S1114672.47153,SP1114672.54.175,SY1114672.2026.47153,iPad1(1114672),01.06.26 13:52,Prod,A1114672.6489,,Manager(946638),S1114672.47153,SALE,1,5.4,5.4,0.0,0.0,0.0,0.0,S5,Schnitzel,Speisen Küche(1549873308500113),[],MwSt. 7%,1.07,5.046729,0.353271,Ohne Pager
S1114672.47154,SP1114672.54.176,SY1114672.2026.47154,iPad1(1114672),01.06.26 13:52,Prod,A1114672.6489,,Manager(946638),S1114672.47154,SALE,1,3.9,3.9,0.0,0.0,0.0,0.0,I46,Berliner Weiße,Getränke alkoholisch(1549873308501121),,MwSt. 19%,1.19,3.277311,0.622689,Ohne Pager
S1114672.47155,SP1114672.54.177,SY1114672.2026.47155,iPad1(1114672),01.06.26 13:52,Prod,A1114672.6489,,Manager(946638),S1114672.47155,SALE,1,0.0,0.0,0.0,0.0,0.0,0.0,S31,Grün,Getränke(1549873308501013),[],MwSt. 19%,1.19,0,0,Ohne Pager
S1114672.47156,SP1114672.54.178,SY1114672.2026.47156,iPad1(1114672),01.06.26 13:58,Prod,A1114672.6490,,Manager(946638),S1114672.47156,SALE,1,4.5,4.5,0.0,0.0,0.0,0.0,I24,Waffel,Speisen Theke(1549873308501495),,MwSt. 7%,1.07,4.205607,0.294393,Ohne Pager
S1114672.47157,SP1114672.54.179,SY1114672.2026.47157,iPad1(1114672),01.06.26 13:58,Prod,A1114672.6490,,Manager(946638),S1114672.47157,SALE,1,0.0,0.0,0.0,0.0,0.0,0.0,S29,Puderzucker,Speisen Theke(1549873308501495),[],MwSt. 7%,1.07,0,0,Ohne Pager
S1114672.47158,SP1114672.54.180,SY1114672.2026.47158,iPad1(1114672),01.06.26 13:58,Prod,A1114672.6490,,Manager(946638),S1114672.47158,SALE,1,3.7,3.7,0.0,0.0,0.0,0.0,S24,Erdbeeren,Speisen Theke(1549873308501495),[],MwSt. 7%,1.07,3.457944,0.242056,Ohne Pager
S1114672.47159,SP1114672.54.181,SY1114672.2026.47159,iPad1(1114672),01.06.26 13:58,Prod,A1114672.6490,,Manager(946638),S1114672.47159,SALE,1,1.4,1.4,0.0,0.0,0.0,0.0,121,Vanilleeis,Speisen Theke(1549873308501495),[],MwSt. 7%,1.07,1.308411,0.091589,Ohne Pager
S1114672.47160,SP1114672.54.182,SY1114672.2026.47160,iPad1(1114672),01.06.26 13:59,Prod,A1114672.6490,,Manager(946638),S1114672.47160,SALE,1,4.5,4.5,0.0,0.0,0.0,0.0,I24,Waffel,Speisen Theke(1549873308501495),,MwSt. 7%,1.07,4.205607,0.294393,Ohne Pager
S1114672.47161,SP1114672.54.183,SY1114672.2026.47161,iPad1(1114672),01.06.26 13:59,Prod,A1114672.6490,,Manager(946638),S1114672.47161,SALE,1,0.0,0.0,0.0,0.0,0.0,0.0,S29,Puderzucker,Speisen Theke(1549873308501495),[],MwSt. 7%,1.07,0,0,Ohne Pager
S1114672.47162,SP1114672.54.184,SY1114672.2026.47162,iPad1(1114672),01.06.26 13:59,Prod,A1114672.6490,,Manager(946638),S1114672.47162,SALE,1,3.7,3.7,0.0,0.0,0.0,0.0,S24,Erdbeeren,Speisen Theke(1549873308501495),[],MwSt. 7%,1.07,3.457944,0.242056,Ohne Pager
S1114672.47163,SP1114672.54.185,SY1114672.2026.47163,iPad1(1114672),01.06.26 13:59,Prod,A1114672.6490,,Manager(946638),S1114672.47163,SALE,1,4.5,4.5,0.0,0.0,0.0,0.0,I24,Waffel,Speisen Theke(1549873308501495),,MwSt. 7%,1.07,4.205607,0.294393,Ohne Pager
S1114672.47164,SP1114672.54.186,SY1114672.2026.47164,iPad1(1114672),01.06.26 13:59,Prod,A1114672.6490,,Manager(946638),S1114672.47164,SALE,1,0.0,0.0,0.0,0.0,0.0,0.0,S29,Puderzucker,Speisen Theke(1549873308501495),[],MwSt. 7%,1.07,0,0,Ohne Pager
S1114672.47165,SP1114672.54.187,SY1114672.2026.47165,iPad1(1114672),01.06.26 13:59,Prod,A1114672.6490,,Manager(946638),S1114672.47165,SALE,1,3.7,3.7,0.0,0.0,0.0,0.0,S24,Erdbeeren,Speisen Theke(1549873308501495),[],MwSt. 7%,1.07,3.457944,0.242056,Ohne Pager
S1114672.47166,SP1114672.54.188,SY1114672.2026.47166,iPad1(1114672),01.06.26 13:59,Prod,A1114672.6490,,Manager(946638),S1114672.47166,SALE,1,1.3,1.3,0.0,0.0,0.0,0.0,S20,Sahne,Speisen Theke(1549873308501495),[],MwSt. 7%,1.07,1.214953,0.085047,Ohne Pager
S1114672.47167,SP1114672.54.189,SY1114672.2026.47167,iPad1(1114672),01.06.26 13:59,Prod,A1114672.6490,,Manager(946638),S1114672.47167,SALE,1,1.4,1.4,0.0,0.0,0.0,0.0,121,Vanilleeis,Speisen Theke(1549873308501495),[],MwSt. 7%,1.07,1.308411,0.091589,Ohne Pager
S1114672.47168,SP1114672.54.190,SY1114672.2026.47168,iPad1(1114672),01.06.26 13:59,Prod,A1114672.6490,,Manager(946638),S1114672.47168,SALE,1,0.0,0.0,0.0,0.0,0.0,0.0,196,Pager Nr. 1 Theke,Speisen Theke(1549873308501495),[],MwSt. 7%,1.07,0,0,Ohne Pager
S1114672.47169,SP1114672.54.191,SY1114672.2026.47169,iPad1(1114672),01.06.26 14:04,Prod,A1114672.6491,,Manager(946638),S1114672.47169,SALE,1,3.9,3.9,0.0,0.0,0.0,0.0,I46,Berliner Weiße,Getränke alkoholisch(1549873308501121),,MwSt. 19%,1.19,3.277311,0.622689,Ohne Pager
S1114672.47170,SP1114672.54.192,SY1114672.2026.47170,iPad1(1114672),01.06.26 14:04,Prod,A1114672.6491,,Manager(946638),S1114672.47170,SALE,1,0.0,0.0,0.0,0.0,0.0,0.0,S31,Grün,Getränke(1549873308501013),[],MwSt. 19%,1.19,0,0,Ohne Pager
S1114672.47171,SP1114672.54.193,SY1114672.2026.47171,iPad1(1114672),01.06.26 14:04,Prod,A1114672.6491,,Manager(946638),S1114672.47171,SALE,1,4.2,4.2,0.0,0.0,0.0,0.0,I37,"Fassbier (0,5 L)",Getränke alkoholisch(1549873308501121),,MwSt. 19%,1.19,3.529412,0.670588,Ohne Pager
S1114672.47172,SP1114672.54.194,SY1114672.2026.47172,iPad1(1114672),01.06.26 14:06,Prod,A1114672.6492,,Manager(946638),S1114672.47172,SALE,1,10.9,10.9,0.0,0.0,0.0,0.0,I2-1770047,KL. Spargelmenü,Speisen Küche(1549873308500113),,MwSt. 7%,1.07,10.186916,0.713084,Ohne Pager
S1114672.47173,SP1114672.54.195,SY1114672.2026.47173,iPad1(1114672),01.06.26 14:06,Prod,A1114672.6492,,Manager(946638),S1114672.47173,SALE,1,0.0,0.0,0.0,0.0,0.0,0.0,S3,Sauce Hollandaise,Speisen Küche(1549873308500113),[],MwSt. 7%,1.07,0,0,Ohne Pager
S1114672.47174,SP1114672.54.196,SY1114672.2026.47174,iPad1(1114672),01.06.26 14:06,Prod,A1114672.6492,,Manager(946638),S1114672.47174,SALE,1,2.0,2.0,0.0,0.0,0.0,0.0,S5,Schnitzel,Speisen Küche(1549873308500113),[],MwSt. 7%,1.07,1.869159,0.130841,Ohne Pager
S1114672.47175,SP1114672.54.197,SY1114672.2026.47175,iPad1(1114672),01.06.26 14:06,Prod,A1114672.6492,,Manager(946638),S1114672.47175,SALE,1,10.9,10.9,0.0,0.0,0.0,0.0,I2-1770047,KL. Spargelmenü,Speisen Küche(1549873308500113),,MwSt. 7%,1.07,10.186916,0.713084,Ohne Pager
S1114672.47176,SP1114672.54.198,SY1114672.2026.47176,iPad1(1114672),01.06.26 14:06,Prod,A1114672.6492,,Manager(946638),S1114672.47176,SALE,1,0.0,0.0,0.0,0.0,0.0,0.0,S4,Semmelbutter,Speisen Küche(1549873308500113),[],MwSt. 7%,1.07,0,0,Ohne Pager
S1114672.47177,SP1114672.54.199,SY1114672.2026.47177,iPad1(1114672),01.06.26 14:06,Prod,A1114672.6492,,Manager(946638),S1114672.47177,SALE,1,2.0,2.0,0.0,0.0,0.0,0.0,S6,Lachs,Speisen Küche(1549873308500113),[],MwSt. 7%,1.07,1.869159,0.130841,Ohne Pager
S1114672.47178,SP1114672.54.200,SY1114672.2026.47178,iPad1(1114672),01.06.26 14:06,Prod,A1114672.6492,Tisch 5,Manager(946638),S1114672.47178,SALE,1,2.8,2.8,0.0,0.0,0.0,0.0,I33,Kaffee Crema,Heißgetränke(1549873308501605),,MwSt. 19%,1.19,2.352941,0.447059,Pagersystem
S1114672.47179,SP1114672.54.201,SY1114672.2026.47179,iPad1(1114672),01.06.26 14:06,Prod,A1114672.6492,Tisch 5,Manager(946638),S1114672.47179,SALE,1,4.2,4.2,0.0,0.0,0.0,0.0,I14,Weizenbier alkoholfrei,Getränke alkoholisch(1549873308501121),,MwSt. 19%,1.19,3.529412,0.670588,Pagersystem
S1114672.47180,SP1114672.54.202,SY1114672.2026.47180,iPad1(1114672),01.06.26 14:08,Prod,A1114672.6493,,Manager(946638),S1114672.47180,SALE,1,17.5,17.5,0.0,0.0,0.0,0.0,I1-1770047,Spargelmenü,Speisen Küche(1549873308500113),,MwSt. 7%,1.07,16.35514,1.14486,Ohne Pager
S1114672.47181,SP1114672.54.203,SY1114672.2026.47181,iPad1(1114672),01.06.26 14:08,Prod,A1114672.6493,,Manager(946638),S1114672.47181,SALE,1,0.0,0.0,0.0,0.0,0.0,0.0,S3,Sauce Hollandaise,Speisen Küche(1549873308500113),[],MwSt. 7%,1.07,0,0,Ohne Pager
S1114672.47182,SP1114672.54.204,SY1114672.2026.47182,iPad1(1114672),01.06.26 14:08,Prod,A1114672.6493,,Manager(946638),S1114672.47182,SALE,1,5.4,5.4,0.0,0.0,0.0,0.0,S5,Schnitzel,Speisen Küche(1549873308500113),[],MwSt. 7%,1.07,5.046729,0.353271,Ohne Pager
S1114672.47183,SP1114672.54.205,SY1114672.2026.47183,iPad1(1114672),01.06.26 14:08,Prod,A1114672.6493,,Manager(946638),S1114672.47183,SALE,1,3.2,3.2,0.0,0.0,0.0,0.0,I51,"Apfelschorle (0,3 L)",Getränke(1549873308501013),,MwSt. 19%,1.19,2.689076,0.510924,Ohne Pager
S1114672.47184,SP1114672.54.206,SY1114672.2026.47184,iPad1(1114672),01.06.26 14:24,Prod,A1114672.6494,,Manager(946638),S1114672.47184,SALE,1,8.2,8.2,0.0,0.0,0.0,0.0,I16,Erdbeereisbecher,Speisen Theke(1549873308501495),,MwSt. 7%,1.07,7.663551,0.536449,Ohne Pager
S1114672.47185,SP1114672.54.207,SY1114672.2026.47185,iPad1(1114672),01.06.26 14:24,Prod,A1114672.6494,,Manager(946638),S1114672.47185,SALE,1,1.3,1.3,0.0,0.0,0.0,0.0,S20,Sahne,Speisen Theke(1549873308501495),[],MwSt. 7%,1.07,1.214953,0.085047,Ohne Pager
S1114672.47186,SP1114672.54.208,SY1114672.2026.47186,iPad1(1114672),01.06.26 14:34,Prod,A1114672.6495,Tisch 7,Manager(946638),S1114672.47186,SALE,1,17.5,17.5,0.0,0.0,0.0,0.0,I1-1770047,Spargelmenü,Speisen Küche(1549873308500113),,MwSt. 7%,1.07,16.35514,1.14486,Pagersystem
S1114672.47187,SP1114672.54.209,SY1114672.2026.47187,iPad1(1114672),01.06.26 14:34,Prod,A1114672.6495,Tisch 7,Manager(946638),S1114672.47187,SALE,1,0.0,0.0,0.0,0.0,0.0,0.0,S3,Sauce Hollandaise,Speisen Küche(1549873308500113),[],MwSt. 7%,1.07,0,0,Pagersystem
S1114672.47188,SP1114672.54.210,SY1114672.2026.47188,iPad1(1114672),01.06.26 14:34,Prod,A1114672.6495,Tisch 7,Manager(946638),S1114672.47188,SALE,1,5.4,5.4,0.0,0.0,0.0,0.0,S5,Schnitzel,Speisen Küche(1549873308500113),[],MwSt. 7%,1.07,5.046729,0.353271,Pagersystem
S1114672.47189,SP1114672.54.211,SY1114672.2026.47189,iPad1(1114672),01.06.26 14:34,Prod,A1114672.6495,Tisch 7,Manager(946638),S1114672.47189,SALE,1,4.2,4.2,0.0,0.0,0.0,0.0,I14,Weizenbier alkoholfrei,Getränke alkoholisch(1549873308501121),,MwSt. 19%,1.19,3.529412,0.670588,Pagersystem
S1114672.47190,SP1114672.54.212,SY1114672.2026.47190,iPad1(1114672),01.06.26 14:35,Prod,A1114672.6495,Tisch 7,Manager(946638),S1114672.47190,SALE,1,10.9,10.9,0.0,0.0,0.0,0.0,I2-1770047,KL. Spargelmenü,Speisen Küche(1549873308500113),,MwSt. 7%,1.07,10.186916,0.713084,Pagersystem
S1114672.47191,SP1114672.54.213,SY1114672.2026.47191,iPad1(1114672),01.06.26 14:35,Prod,A1114672.6495,Tisch 7,Manager(946638),S1114672.47191,SALE,1,0.0,0.0,0.0,0.0,0.0,0.0,S3,Sauce Hollandaise,Speisen Küche(1549873308500113),[],MwSt. 7%,1.07,0,0,Pagersystem
S1114672.47192,SP1114672.54.214,SY1114672.2026.47192,iPad1(1114672),01.06.26 14:35,Prod,A1114672.6495,Tisch 7,Manager(946638),S1114672.47192,SALE,1,1.0,1.0,0.0,0.0,0.0,0.0,S7,Schinken,Speisen Küche(1549873308500113),[],MwSt. 7%,1.07,0.934579,0.065421,Pagersystem
S1114672.47193,SP1114672.54.215,SY1114672.2026.47193,iPad1(1114672),01.06.26 14:35,Prod,A1114672.6495,Tisch 7,Manager(946638),S1114672.47193,SALE,1,7.9,7.9,0.0,0.0,0.0,0.0,I7-1770047,Spargelsalat,Speisen Küche(1549873308500113),,MwSt. 7%,1.07,7.383178,0.516822,Pagersystem
S1114672.47194,SP1114672.54.216,SY1114672.2026.47194,iPad1(1114672),01.06.26 14:35,Prod,A1114672.6495,Tisch 7,Manager(946638),S1114672.47194,SALE,1,2.5,2.5,0.0,0.0,0.0,0.0,152,"Wasser Still (0,3 L)",Getränke(1549873308501013),[],MwSt. 19%,1.19,2.10084,0.39916,Pagersystem
S1114672.47195,SP1114672.54.217,SY1114672.2026.47195,iPad1(1114672),01.06.26 14:41,Prod,A1114672.6496,Tisch 8,Manager(946638),S1114672.47195,SALE,1,17.5,17.5,0.0,0.0,0.0,0.0,I1-1770047,Spargelmenü,Speisen Küche(1549873308500113),,MwSt. 7%,1.07,16.35514,1.14486,Pagersystem
S1114672.47196,SP1114672.54.218,SY1114672.2026.47196,iPad1(1114672),01.06.26 14:41,Prod,A1114672.6496,Tisch 8,Manager(946638),S1114672.47196,SALE,1,0.0,0.0,0.0,0.0,0.0,0.0,S4,Semmelbutter,Speisen Küche(1549873308500113),[],MwSt. 7%,1.07,0,0,Pagersystem
S1114672.47197,SP1114672.54.219,SY1114672.2026.47197,iPad1(1114672),01.06.26 14:41,Prod,A1114672.6496,Tisch 8,Manager(946638),S1114672.47197,SALE,1,5.4,5.4,0.0,0.0,0.0,0.0,S5,Schnitzel,Speisen Küche(1549873308500113),[],MwSt. 7%,1.07,5.046729,0.353271,Pagersystem
S1114672.47198,SP1114672.54.220,SY1114672.2026.47198,iPad1(1114672),01.06.26 14:41,Prod,A1114672.6496,Tisch 8,Manager(946638),S1114672.47198,SALE,1,17.5,17.5,0.0,0.0,0.0,0.0,I1-1770047,Spargelmenü,Speisen Küche(1549873308500113),,MwSt. 7%,1.07,16.35514,1.14486,Pagersystem
S1114672.47199,SP1114672.54.221,SY1114672.2026.47199,iPad1(1114672),01.06.26 14:41,Prod,A1114672.6496,Tisch 8,Manager(946638),S1114672.47199,SALE,1,0.0,0.0,0.0,0.0,0.0,0.0,S4,Semmelbutter,Speisen Küche(1549873308500113),[],MwSt. 7%,1.07,0,0,Pagersystem
S1114672.47200,SP1114672.54.222,SY1114672.2026.47200,iPad1(1114672),01.06.26 14:41,Prod,A1114672.6496,Tisch 8,Manager(946638),S1114672.47200,SALE,1,5.4,5.4,0.0,0.0,0.0,0.0,S5,Schnitzel,Speisen Küche(1549873308500113),[],MwSt. 7%,1.07,5.046729,0.353271,Pagersystem
S1114672.47201,SP1114672.54.223,SY1114672.2026.47201,iPad1(1114672),01.06.26 14:42,Prod,A1114672.6496,Tisch 8,Manager(946638),S1114672.47201,SALE,1,4.4,4.4,0.0,0.0,0.0,0.0,181,"Spezi (0,5 L)",Getränke(1549873308501013),,MwSt. 19%,1.19,3.697479,0.702521,Pagersystem
S1114672.47202,SP1114672.54.224,SY1114672.2026.47202,iPad1(1114672),01.06.26 14:42,Prod,A1114672.6496,Tisch 8,Manager(946638),S1114672.47202,SALE,1,4.2,4.2,0.0,0.0,0.0,0.0,178,"Radler 0,5",Getränke(1549873308501013),[],MwSt. 19%,1.19,3.529412,0.670588,Pagersystem
S1114672.47203,SP1114672.54.225,SY1114672.2026.47203,iPad1(1114672),01.06.26 15:19,Prod,A1114672.6497,Tisch 1,Manager(946638),S1114672.47203,SALE,1,17.5,17.5,0.0,0.0,0.0,0.0,I1-1770047,Spargelmenü,Speisen Küche(1549873308500113),,MwSt. 7%,1.07,16.35514,1.14486,Pagersystem
S1114672.47204,SP1114672.54.226,SY1114672.2026.47204,iPad1(1114672),01.06.26 15:19,Prod,A1114672.6497,Tisch 1,Manager(946638),S1114672.47204,SALE,1,0.0,0.0,0.0,0.0,0.0,0.0,S4,Semmelbutter,Speisen Küche(1549873308500113),[],MwSt. 7%,1.07,0,0,Pagersystem
S1114672.47205,SP1114672.54.227,SY1114672.2026.47205,iPad1(1114672),01.06.26 15:19,Prod,A1114672.6497,Tisch 1,Manager(946638),S1114672.47205,SALE,1,5.4,5.4,0.0,0.0,0.0,0.0,S5,Schnitzel,Speisen Küche(1549873308500113),[],MwSt. 7%,1.07,5.046729,0.353271,Pagersystem
S1114672.47206,SP1114672.54.228,SY1114672.2026.47206,iPad1(1114672),01.06.26 15:19,Prod,A1114672.6497,Tisch 1,Manager(946638),S1114672.47206,SALE,1,17.5,17.5,0.0,0.0,0.0,0.0,I1-1770047,Spargelmenü,Speisen Küche(1549873308500113),,MwSt. 7%,1.07,16.35514,1.14486,Pagersystem
S1114672.47207,SP1114672.54.229,SY1114672.2026.47207,iPad1(1114672),01.06.26 15:19,Prod,A1114672.6497,Tisch 1,Manager(946638),S1114672.47207,SALE,1,0.0,0.0,0.0,0.0,0.0,0.0,S4,Semmelbutter,Speisen Küche(1549873308500113),[],MwSt. 7%,1.07,0,0,Pagersystem
S1114672.47208,SP1114672.54.230,SY1114672.2026.47208,iPad1(1114672),01.06.26 15:19,Prod,A1114672.6497,Tisch 1,Manager(946638),S1114672.47208,SALE,1,4.2,4.2,0.0,0.0,0.0,0.0,I37,"Fassbier (0,5 L)",Getränke alkoholisch(1549873308501121),,MwSt. 19%,1.19,3.529412,0.670588,Pagersystem
S1114672.47209,SP1114672.54.231,SY1114672.2026.47209,iPad1(1114672),01.06.26 15:19,Prod,A1114672.6497,Tisch 1,Manager(946638),S1114672.47209,SALE,1,3.2,3.2,0.0,0.0,0.0,0.0,I51,"Apfelschorle (0,3 L)",Getränke(1549873308501013),,MwSt. 19%,1.19,2.689076,0.510924,Pagersystem
S1114672.47210,SP1114672.54.232,SY1114672.2026.47210,iPad1(1114672),01.06.26 15:35,Prod,A1114672.6498,Tisch 11,Manager(946638),S1114672.47210,SALE,1,17.5,17.5,0.0,0.0,0.0,0.0,I1-1770047,Spargelmenü,Speisen Küche(1549873308500113),,MwSt. 7%,1.07,16.35514,1.14486,Pagersystem
S1114672.47211,SP1114672.54.233,SY1114672.2026.47211,iPad1(1114672),01.06.26 15:35,Prod,A1114672.6498,Tisch 11,Manager(946638),S1114672.47211,SALE,1,0.0,0.0,0.0,0.0,0.0,0.0,S4,Semmelbutter,Speisen Küche(1549873308500113),[],MwSt. 7%,1.07,0,0,Pagersystem
S1114672.47212,SP1114672.54.234,SY1114672.2026.47212,iPad1(1114672),01.06.26 15:35,Prod,A1114672.6498,Tisch 11,Manager(946638),S1114672.47212,SALE,1,5.4,5.4,0.0,0.0,0.0,0.0,S5,Schnitzel,Speisen Küche(1549873308500113),[],MwSt. 7%,1.07,5.046729,0.353271,Pagersystem
S1114672.47213,SP1114672.54.235,SY1114672.2026.47213,iPad1(1114672),01.06.26 15:35,Prod,A1114672.6498,Tisch 11,Manager(946638),S1114672.47213,SALE,1,17.5,17.5,0.0,0.0,0.0,0.0,I1-1770047,Spargelmenü,Speisen Küche(1549873308500113),,MwSt. 7%,1.07,16.35514,1.14486,Pagersystem
S1114672.47214,SP1114672.54.236,SY1114672.2026.47214,iPad1(1114672),01.06.26 15:35,Prod,A1114672.6498,Tisch 11,Manager(946638),S1114672.47214,SALE,1,0.0,0.0,0.0,0.0,0.0,0.0,S4,Semmelbutter,Speisen Küche(1549873308500113),[],MwSt. 7%,1.07,0,0,Pagersystem
S1114672.47215,SP1114672.54.237,SY1114672.2026.47215,iPad1(1114672),01.06.26 15:35,Prod,A1114672.6498,Tisch 11,Manager(946638),S1114672.47215,SALE,1,5.4,5.4,0.0,0.0,0.0,0.0,S5,Schnitzel,Speisen Küche(1549873308500113),[],MwSt. 7%,1.07,5.046729,0.353271,Pagersystem
S1114672.47216,SP1114672.54.238,SY1114672.2026.47216,iPad1(1114672),01.06.26 15:35,Prod,A1114672.6498,Tisch 11,Manager(946638),S1114672.47216,SALE,1,4.2,4.2,0.0,0.0,0.0,0.0,I52,"Apfelschorle (0,5 L)",Getränke(1549873308501013),,MwSt. 19%,1.19,3.529412,0.670588,Pagersystem
S1114672.47217,SP1114672.54.239,SY1114672.2026.47217,iPad1(1114672),01.06.26 15:35,Prod,A1114672.6498,Tisch 11,Manager(946638),S1114672.47217,SALE,1,4.2,4.2,0.0,0.0,0.0,0.0,178,"Radler 0,5",Getränke(1549873308501013),[],MwSt. 19%,1.19,3.529412,0.670588,Pagersystem
S1114672.47218,SP1114672.54.240,SY1114672.2026.47218,iPad1(1114672),01.06.26 15:52,Prod,A1114672.6499,,Manager(946638),S1114672.47218,SALE,1,17.5,17.5,0.0,0.0,0.0,0.0,I1-1770047,Spargelmenü,Speisen Küche(1549873308500113),,MwSt. 7%,1.07,16.35514,1.14486,Ohne Pager
S1114672.47219,SP1114672.54.241,SY1114672.2026.47219,iPad1(1114672),01.06.26 15:52,Prod,A1114672.6499,,Manager(946638),S1114672.47219,SALE,1,0.0,0.0,0.0,0.0,0.0,0.0,S4,Semmelbutter,Speisen Küche(1549873308500113),[],MwSt. 7%,1.07,0,0,Ohne Pager
S1114672.47220,SP1114672.54.242,SY1114672.2026.47220,iPad1(1114672),01.06.26 15:52,Prod,A1114672.6499,Tisch 11,Manager(946638),S1114672.47220,SALE,1,17.5,17.5,0.0,0.0,0.0,0.0,I1-1770047,Spargelmenü,Speisen Küche(1549873308500113),,MwSt. 7%,1.07,16.35514,1.14486,Pagersystem
S1114672.47221,SP1114672.54.243,SY1114672.2026.47221,iPad1(1114672),01.06.26 15:52,Prod,A1114672.6499,Tisch 11,Manager(946638),S1114672.47221,SALE,1,0.0,0.0,0.0,0.0,0.0,0.0,S3,Sauce Hollandaise,Speisen Küche(1549873308500113),[],MwSt. 7%,1.07,0,0,Pagersystem
S1114672.47222,SP1114672.54.244,SY1114672.2026.47222,iPad1(1114672),01.06.26 15:52,Prod,A1114672.6499,Tisch 11,Manager(946638),S1114672.47222,SALE,1,5.4,5.4,0.0,0.0,0.0,0.0,S5,Schnitzel,Speisen Küche(1549873308500113),[],MwSt. 7%,1.07,5.046729,0.353271,Pagersystem
S1114672.47223,SP1114672.54.245,SY1114672.2026.47223,iPad1(1114672),01.06.26 15:52,Prod,A1114672.6499,Tisch 11,Manager(946638),S1114672.47223,SALE,1,4.2,4.2,0.0,0.0,0.0,0.0,183,"Alkoholfreies Radler 0,5",Getränke(1549873308501013),[],MwSt. 19%,1.19,3.529412,0.670588,Pagersystem
S1114672.47224,SP1114672.54.246,SY1114672.2026.47224,iPad1(1114672),01.06.26 15:52,Prod,A1114672.6499,Tisch 11,Manager(946638),S1114672.47224,SALE,1,4.2,4.2,0.0,0.0,0.0,0.0,183,"Alkoholfreies Radler 0,5",Getränke(1549873308501013),[],MwSt. 19%,1.19,3.529412,0.670588,Pagersystem
S1114672.47225,SP1114672.54.247,SY1114672.2026.47225,iPad1(1114672),01.06.26 16:09,Prod,A1114672.6500,,Manager(946638),S1114672.47225,SALE,1,2.8,2.8,0.0,0.0,0.0,0.0,I27,Espresso,Heißgetränke(1549873308501605),,MwSt. 19%,1.19,2.352941,0.447059,Ohne Pager
S1114672.47226,SP1114672.54.248,SY1114672.2026.47226,iPad1(1114672),01.06.26 16:09,Prod,A1114672.6500,,Manager(946638),S1114672.47226,SALE,1,2.8,2.8,0.0,0.0,0.0,0.0,I27,Espresso,Heißgetränke(1549873308501605),,MwSt. 19%,1.19,2.352941,0.447059,Ohne Pager
S1114672.47227,SP1114672.54.249,SY1114672.2026.47227,iPad1(1114672),01.06.26 16:11,Prod,A1114672.6501,,Manager(946638),S1114672.47227,SALE,1,10.9,10.9,0.0,0.0,0.0,0.0,I2-1770047,KL. Spargelmenü,Speisen Küche(1549873308500113),,MwSt. 7%,1.07,10.186916,0.713084,Ohne Pager
S1114672.47228,SP1114672.54.250,SY1114672.2026.47228,iPad1(1114672),01.06.26 16:11,Prod,A1114672.6501,,Manager(946638),S1114672.47228,SALE,1,0.0,0.0,0.0,0.0,0.0,0.0,S4,Semmelbutter,Speisen Küche(1549873308500113),[],MwSt. 7%,1.07,0,0,Ohne Pager
S1114672.47229,SP1114672.54.251,SY1114672.2026.47229,iPad1(1114672),01.06.26 16:11,Prod,A1114672.6501,,Manager(946638),S1114672.47229,SALE,1,2.0,2.0,0.0,0.0,0.0,0.0,S5,Schnitzel,Speisen Küche(1549873308500113),[],MwSt. 7%,1.07,1.869159,0.130841,Ohne Pager
S1114672.47230,SP1114672.54.252,SY1114672.2026.47230,iPad1(1114672),01.06.26 16:11,Prod,A1114672.6501,,Manager(946638),S1114672.47230,SALE,1,17.5,17.5,0.0,0.0,0.0,0.0,I1-1770047,Spargelmenü,Speisen Küche(1549873308500113),,MwSt. 7%,1.07,16.35514,1.14486,Ohne Pager
S1114672.47231,SP1114672.54.253,SY1114672.2026.47231,iPad1(1114672),01.06.26 16:11,Prod,A1114672.6501,,Manager(946638),S1114672.47231,SALE,1,0.0,0.0,0.0,0.0,0.0,0.0,S3,Sauce Hollandaise,Speisen Küche(1549873308500113),[],MwSt. 7%,1.07,0,0,Ohne Pager
S1114672.47232,SP1114672.54.254,SY1114672.2026.47232,iPad1(1114672),01.06.26 16:11,Prod,A1114672.6501,,Manager(946638),S1114672.47232,SALE,1,5.4,5.4,0.0,0.0,0.0,0.0,S5,Schnitzel,Speisen Küche(1549873308500113),[],MwSt. 7%,1.07,5.046729,0.353271,Ohne Pager
S1114672.47233,SP1114672.54.255,SY1114672.2026.47233,iPad1(1114672),01.06.26 16:11,Prod,A1114672.6501,,Manager(946638),S1114672.47233,SALE,1,4.2,4.2,0.0,0.0,0.0,0.0,I52,"Apfelschorle (0,5 L)",Getränke(1549873308501013),,MwSt. 19%,1.19,3.529412,0.670588,Ohne Pager
S1114672.47234,SP1114672.54.256,SY1114672.2026.47234,iPad1(1114672),01.06.26 16:11,Prod,A1114672.6501,,Manager(946638),S1114672.47234,SALE,1,4.4,4.4,0.0,0.0,0.0,0.0,181,"Spezi (0,5 L)",Getränke(1549873308501013),,MwSt. 19%,1.19,3.697479,0.702521,Ohne Pager
S1114672.47235,SP1114672.54.257,SY1114672.2026.47235,iPad1(1114672),01.06.26 16:31,Prod,A1114672.6502,Tisch 13,Manager(946638),S1114672.47235,SALE,1,4.2,4.2,0.0,0.0,0.0,0.0,I45,Weizenbier Hefe,Getränke alkoholisch(1549873308501121),,MwSt. 19%,1.19,3.529412,0.670588,Pagersystem
S1114672.47236,SP1114672.54.258,SY1114672.2026.47236,iPad1(1114672),01.06.26 16:31,Prod,A1114672.6502,Tisch 13,Manager(946638),S1114672.47236,SALE,1,4.2,4.2,0.0,0.0,0.0,0.0,I37,"Fassbier (0,5 L)",Getränke alkoholisch(1549873308501121),,MwSt. 19%,1.19,3.529412,0.670588,Pagersystem
S1114672.47237,SP1114672.54.259,SY1114672.2026.47237,iPad1(1114672),01.06.26 16:31,Prod,A1114672.6502,Tisch 13,Manager(946638),S1114672.47237,SALE,1,17.5,17.5,0.0,0.0,0.0,0.0,I1-1770047,Spargelmenü,Speisen Küche(1549873308500113),,MwSt. 7%,1.07,16.35514,1.14486,Pagersystem
S1114672.47238,SP1114672.54.260,SY1114672.2026.47238,iPad1(1114672),01.06.26 16:31,Prod,A1114672.6502,Tisch 13,Manager(946638),S1114672.47238,SALE,1,0.0,0.0,0.0,0.0,0.0,0.0,S4,Semmelbutter,Speisen Küche(1549873308500113),[],MwSt. 7%,1.07,0,0,Pagersystem
S1114672.47239,SP1114672.54.261,SY1114672.2026.47239,iPad1(1114672),01.06.26 16:31,Prod,A1114672.6502,Tisch 13,Manager(946638),S1114672.47239,SALE,1,5.4,5.4,0.0,0.0,0.0,0.0,S5,Schnitzel,Speisen Küche(1549873308500113),[],MwSt. 7%,1.07,5.046729,0.353271,Pagersystem
S1114672.47240,SP1114672.54.262,SY1114672.2026.47240,iPad1(1114672),01.06.26 16:31,Prod,A1114672.6502,Tisch 13,Manager(946638),S1114672.47240,SALE,1,17.5,17.5,0.0,0.0,0.0,0.0,I1-1770047,Spargelmenü,Speisen Küche(1549873308500113),,MwSt. 7%,1.07,16.35514,1.14486,Pagersystem
S1114672.47241,SP1114672.54.263,SY1114672.2026.47241,iPad1(1114672),01.06.26 16:31,Prod,A1114672.6502,Tisch 13,Manager(946638),S1114672.47241,SALE,1,0.0,0.0,0.0,0.0,0.0,0.0,S3,Sauce Hollandaise,Speisen Küche(1549873308500113),[],MwSt. 7%,1.07,0,0,Pagersystem
S1114672.47242,SP1114672.54.264,SY1114672.2026.47242,iPad1(1114672),01.06.26 16:31,Prod,A1114672.6502,Tisch 13,Manager(946638),S1114672.47242,SALE,1,0.0,0.0,0.0,0.0,0.0,0.0,191,Spargelsuppe,Speisen Küche(1549873308500113),[],MwSt. 7%,1.07,0,0,Pagersystem
S1114672.47243,SP1114672.54.265,SY1114672.2026.47243,iPad1(1114672),01.06.26 16:31,Prod,A1114672.6502,Tisch 13,Manager(946638),S1114672.47243,SALE,1,8.9,8.9,0.0,0.0,0.0,0.0,129,Spargelsuppe Groß,Speisen Küche(1549873308500113),,MwSt. 7%,1.07,8.317757,0.582243,Pagersystem
S1114672.47244,SP1114672.54.266,SY1114672.2026.47244,iPad1(1114672),01.06.26 16:31,Prod,A1114672.6502,Tisch 13,Manager(946638),S1114672.47244,SALE,1,0.0,0.0,0.0,0.0,0.0,0.0,190,Zusammen,Speisen Küche(1549873308500113),[],MwSt. 7%,1.07,0,0,Pagersystem
S1114672.47245,SP1114672.54.267,SY1114672.2026.47245,iPad1(1114672),01.06.26 16:32,Prod,A1114672.6502,Tisch 13,Manager(946638),S1114672.47245,SALE,1,2.5,2.5,0.0,0.0,0.0,0.0,155,"Wasser Sprudel (0,3 L)",Getränke(1549873308501013),[],MwSt. 19%,1.19,2.10084,0.39916,Pagersystem
S1114672.47246,SP1114672.54.268,SY1114672.2026.47246,iPad1(1114672),01.06.26 16:38,Prod,A1114672.6503,,Manager(946638),S1114672.47246,SALE,1,3.2,3.2,0.0,0.0,0.0,0.0,I51,"Apfelschorle (0,3 L)",Getränke(1549873308501013),,MwSt. 19%,1.19,2.689076,0.510924,Ohne Pager
S1114672.47247,SP1114672.54.269,SY1114672.2026.47247,iPad1(1114672),01.06.26 16:38,Prod,A1114672.6503,,Manager(946638),S1114672.47247,SALE,1,0.0,0.0,0.0,0.0,0.0,0.0,176,Extra Menü,Speisen Küche(1549873308500113),[],MwSt. 7%,1.07,0,0,Ohne Pager
S1114672.47248,SP1114672.54.270,SY1114672.2026.47248,iPad1(1114672),01.06.26 16:38,Prod,A1114672.6503,,Manager(946638),S1114672.47248,SALE,1,2.0,2.0,0.0,0.0,0.0,0.0,S4,Semmelbutter,Speisen Küche(1549873308500113),[],MwSt. 7%,1.07,1.869159,0.130841,Ohne Pager
S1114672.47249,SP1114672.54.271,SY1114672.2026.47249,iPad1(1114672),01.06.26 16:38,Prod,A1114672.6503,,Manager(946638),S1114672.47249,SALE,1,4.0,4.0,0.0,0.0,0.0,0.0,I10-177004,Kartoffeln,Speisen Küche(1549873308500113),,MwSt. 7%,1.07,3.738318,0.261682,Ohne Pager
S1114672.47250,SP1114672.54.272,SY1114672.2026.47250,iPad1(1114672),01.06.26 17:02,Prod,A1114672.6504,,Manager(946638),S1114672.47250,SALE,1,8.2,8.2,0.0,0.0,0.0,0.0,I16,Erdbeereisbecher,Speisen Theke(1549873308501495),,MwSt. 7%,1.07,7.663551,0.536449,Ohne Pager
S1114672.47251,SP1114672.54.273,SY1114672.2026.47251,iPad1(1114672),01.06.26 17:02,Prod,A1114672.6504,,Manager(946638),S1114672.47251,SALE,1,1.3,1.3,0.0,0.0,0.0,0.0,S20,Sahne,Speisen Theke(1549873308501495),[],MwSt. 7%,1.07,1.214953,0.085047,Ohne Pager
S1114672.47252,SP1114672.54.274,SY1114672.2026.47252,iPad1(1114672),01.06.26 17:03,Prod,A1114672.6504,,Manager(946638),S1114672.47252,SALE,1,7.0,7.0,0.0,0.0,0.0,0.0,115,Erdbeeren im Becher,Speisen Theke(1549873308501495),[],MwSt. 7%,1.07,6.542056,0.457944,Ohne Pager
S1114672.47253,SP1114672.54.275,SY1114672.2026.47253,iPad1(1114672),01.06.26 17:19,Prod,A1114672.6505,Tisch 15,Manager(946638),S1114672.47253,SALE,1,3.5,3.5,0.0,0.0,0.0,0.0,I1,Alkoholfreies Bier,Getränke(1549873308501013),,MwSt. 19%,1.19,2.941176,0.558824,Pagersystem
S1114672.47254,SP1114672.54.276,SY1114672.2026.47254,iPad1(1114672),01.06.26 17:19,Prod,A1114672.6505,Tisch 15,Manager(946638),S1114672.47254,SALE,1,4.2,4.2,0.0,0.0,0.0,0.0,I37,"Fassbier (0,5 L)",Getränke alkoholisch(1549873308501121),,MwSt. 19%,1.19,3.529412,0.670588,Pagersystem
S1114672.47255,SP1114672.54.277,SY1114672.2026.47255,iPad1(1114672),01.06.26 17:20,Prod,A1114672.6505,Tisch 15,Manager(946638),S1114672.47255,SALE,1,17.5,17.5,0.0,0.0,0.0,0.0,I1-1770047,Spargelmenü,Speisen Küche(1549873308500113),,MwSt. 7%,1.07,16.35514,1.14486,Pagersystem
S1114672.47256,SP1114672.54.278,SY1114672.2026.47256,iPad1(1114672),01.06.26 17:20,Prod,A1114672.6505,Tisch 15,Manager(946638),S1114672.47256,SALE,1,0.0,0.0,0.0,0.0,0.0,0.0,S3,Sauce Hollandaise,Speisen Küche(1549873308500113),[],MwSt. 7%,1.07,0,0,Pagersystem
S1114672.47257,SP1114672.54.279,SY1114672.2026.47257,iPad1(1114672),01.06.26 17:20,Prod,A1114672.6505,Tisch 15,Manager(946638),S1114672.47257,SALE,1,5.4,5.4,0.0,0.0,0.0,0.0,S5,Schnitzel,Speisen Küche(1549873308500113),[],MwSt. 7%,1.07,5.046729,0.353271,Pagersystem
S1114672.47258,SP1114672.54.280,SY1114672.2026.47258,iPad1(1114672),01.06.26 17:20,Prod,A1114672.6505,Tisch 15,Manager(946638),S1114672.47258,SALE,1,17.5,17.5,0.0,0.0,0.0,0.0,I1-1770047,Spargelmenü,Speisen Küche(1549873308500113),,MwSt. 7%,1.07,16.35514,1.14486,Pagersystem
S1114672.47259,SP1114672.54.281,SY1114672.2026.47259,iPad1(1114672),01.06.26 17:20,Prod,A1114672.6505,Tisch 15,Manager(946638),S1114672.47259,SALE,1,0.0,0.0,0.0,0.0,0.0,0.0,S3,Sauce Hollandaise,Speisen Küche(1549873308500113),[],MwSt. 7%,1.07,0,0,Pagersystem
S1114672.47260,SP1114672.54.282,SY1114672.2026.47260,iPad1(1114672),01.06.26 17:20,Prod,A1114672.6505,Tisch 15,Manager(946638),S1114672.47260,SALE,1,5.4,5.4,0.0,0.0,0.0,0.0,S5,Schnitzel,Speisen Küche(1549873308500113),[],MwSt. 7%,1.07,5.046729,0.353271,Pagersystem
S1114672.47261,SP1114672.54.283,SY1114672.2026.47261,iPad1(1114672),01.06.26 17:37,Prod,A1114672.6506,Tisch 16,Manager(946638),S1114672.47261,SALE,1,4.2,4.2,0.0,0.0,0.0,0.0,I14,Weizenbier alkoholfrei,Getränke alkoholisch(1549873308501121),,MwSt. 19%,1.19,3.529412,0.670588,Pagersystem
S1114672.47262,SP1114672.54.284,SY1114672.2026.47262,iPad1(1114672),01.06.26 17:37,Prod,A1114672.6506,Tisch 16,Manager(946638),S1114672.47262,SALE,1,4.2,4.2,0.0,0.0,0.0,0.0,I37,"Fassbier (0,5 L)",Getränke alkoholisch(1549873308501121),,MwSt. 19%,1.19,3.529412,0.670588,Pagersystem
S1114672.47263,SP1114672.54.285,SY1114672.2026.47263,iPad1(1114672),01.06.26 17:37,Prod,A1114672.6506,Tisch 16,Manager(946638),S1114672.47263,SALE,1,3.9,3.9,0.0,0.0,0.0,0.0,I46,Berliner Weiße,Getränke alkoholisch(1549873308501121),,MwSt. 19%,1.19,3.277311,0.622689,Pagersystem
S1114672.47264,SP1114672.54.286,SY1114672.2026.47264,iPad1(1114672),01.06.26 17:37,Prod,A1114672.6506,Tisch 16,Manager(946638),S1114672.47264,SALE,1,0.0,0.0,0.0,0.0,0.0,0.0,169,Rot,Getränke(1549873308501013),[],MwSt. 19%,1.19,0,0,Pagersystem
S1114672.47265,SP1114672.54.287,SY1114672.2026.47265,iPad1(1114672),01.06.26 17:37,Prod,A1114672.6506,Tisch 16,Manager(946638),S1114672.47265,SALE,1,3.4,3.4,0.0,0.0,0.0,0.0,I63,"Orangensaft (0,3 L)",Getränke(1549873308501013),,MwSt. 19%,1.19,2.857143,0.542857,Pagersystem
S1114672.47266,SP1114672.54.288,SY1114672.2026.47266,iPad1(1114672),01.06.26 17:37,Prod,A1114672.6506,Tisch 16,Manager(946638),S1114672.47266,SALE,1,17.5,17.5,0.0,0.0,0.0,0.0,I1-1770047,Spargelmenü,Speisen Küche(1549873308500113),,MwSt. 7%,1.07,16.35514,1.14486,Pagersystem
S1114672.47267,SP1114672.54.289,SY1114672.2026.47267,iPad1(1114672),01.06.26 17:37,Prod,A1114672.6506,Tisch 16,Manager(946638),S1114672.47267,SALE,1,0.0,0.0,0.0,0.0,0.0,0.0,S3,Sauce Hollandaise,Speisen Küche(1549873308500113),[],MwSt. 7%,1.07,0,0,Pagersystem
S1114672.47268,SP1114672.54.290,SY1114672.2026.47268,iPad1(1114672),01.06.26 17:37,Prod,A1114672.6506,Tisch 16,Manager(946638),S1114672.47268,SALE,1,5.4,5.4,0.0,0.0,0.0,0.0,S5,Schnitzel,Speisen Küche(1549873308500113),[],MwSt. 7%,1.07,5.046729,0.353271,Pagersystem
S1114672.47269,SP1114672.54.291,SY1114672.2026.47269,iPad1(1114672),01.06.26 17:37,Prod,A1114672.6506,Tisch 16,Manager(946638),S1114672.47269,SALE,1,17.5,17.5,0.0,0.0,0.0,0.0,I1-1770047,Spargelmenü,Speisen Küche(1549873308500113),,MwSt. 7%,1.07,16.35514,1.14486,Pagersystem
S1114672.47270,SP1114672.54.292,SY1114672.2026.47270,iPad1(1114672),01.06.26 17:37,Prod,A1114672.6506,Tisch 16,Manager(946638),S1114672.47270,SALE,1,0.0,0.0,0.0,0.0,0.0,0.0,S3,Sauce Hollandaise,Speisen Küche(1549873308500113),[],MwSt. 7%,1.07,0,0,Pagersystem
S1114672.47271,SP1114672.54.293,SY1114672.2026.47271,iPad1(1114672),01.06.26 17:37,Prod,A1114672.6506,Tisch 16,Manager(946638),S1114672.47271,SALE,1,5.4,5.4,0.0,0.0,0.0,0.0,S5,Schnitzel,Speisen Küche(1549873308500113),[],MwSt. 7%,1.07,5.046729,0.353271,Pagersystem
S1114672.47272,SP1114672.54.294,SY1114672.2026.47272,iPad1(1114672),01.06.26 17:37,Prod,A1114672.6506,Tisch 16,Manager(946638),S1114672.47272,SALE,1,17.5,17.5,0.0,0.0,0.0,0.0,I1-1770047,Spargelmenü,Speisen Küche(1549873308500113),,MwSt. 7%,1.07,16.35514,1.14486,Pagersystem
S1114672.47273,SP1114672.54.295,SY1114672.2026.47273,iPad1(1114672),01.06.26 17:37,Prod,A1114672.6506,Tisch 16,Manager(946638),S1114672.47273,SALE,1,0.0,0.0,0.0,0.0,0.0,0.0,S3,Sauce Hollandaise,Speisen Küche(1549873308500113),[],MwSt. 7%,1.07,0,0,Pagersystem
S1114672.47274,SP1114672.54.296,SY1114672.2026.47274,iPad1(1114672),01.06.26 17:37,Prod,A1114672.6506,Tisch 16,Manager(946638),S1114672.47274,SALE,1,2.4,2.4,0.0,0.0,0.0,0.0,S8,Rührei,Speisen Küche(1549873308500113),[],MwSt. 7%,1.07,2.242991,0.157009,Pagersystem
S1114672.47275,SP1114672.54.297,SY1114672.2026.47275,iPad1(1114672),01.06.26 17:38,Prod,A1114672.6506,Tisch 16,Manager(946638),S1114672.47275,SALE,1,17.5,17.5,0.0,0.0,0.0,0.0,I1-1770047,Spargelmenü,Speisen Küche(1549873308500113),,MwSt. 7%,1.07,16.35514,1.14486,Pagersystem
S1114672.47276,SP1114672.54.298,SY1114672.2026.47276,iPad1(1114672),01.06.26 17:38,Prod,A1114672.6506,Tisch 16,Manager(946638),S1114672.47276,SALE,1,0.0,0.0,0.0,0.0,0.0,0.0,S3,Sauce Hollandaise,Speisen Küche(1549873308500113),[],MwSt. 7%,1.07,0,0,Pagersystem
S1114672.47277,SP1114672.54.299,SY1114672.2026.47277,iPad1(1114672),01.06.26 17:38,Prod,A1114672.6506,Tisch 16,Manager(946638),S1114672.47277,SALE,1,2.4,2.4,0.0,0.0,0.0,0.0,S8,Rührei,Speisen Küche(1549873308500113),[],MwSt. 7%,1.07,2.242991,0.157009,Pagersystem
S1114672.47278,SP1114672.54.300,SY1114672.2026.47278,iPad1(1114672),01.06.26 17:49,Prod,A1114672.6507,Tisch 17,Manager(946638),S1114672.47278,SALE,1,17.5,17.5,0.0,0.0,0.0,0.0,I1-1770047,Spargelmenü,Speisen Küche(1549873308500113),,MwSt. 7%,1.07,16.35514,1.14486,Pagersystem
S1114672.47279,SP1114672.54.301,SY1114672.2026.47279,iPad1(1114672),01.06.26 17:49,Prod,A1114672.6507,Tisch 17,Manager(946638),S1114672.47279,SALE,1,0.0,0.0,0.0,0.0,0.0,0.0,S3,Sauce Hollandaise,Speisen Küche(1549873308500113),[],MwSt. 7%,1.07,0,0,Pagersystem
S1114672.47280,SP1114672.54.302,SY1114672.2026.47280,iPad1(1114672),01.06.26 17:49,Prod,A1114672.6507,Tisch 17,Manager(946638),S1114672.47280,SALE,1,2.4,2.4,0.0,0.0,0.0,0.0,S7,Schinken,Speisen Küche(1549873308500113),[],MwSt. 7%,1.07,2.242991,0.157009,Pagersystem
S1114672.47281,SP1114672.54.303,SY1114672.2026.47281,iPad1(1114672),01.06.26 17:49,Prod,A1114672.6507,Tisch 17,Manager(946638),S1114672.47281,SALE,1,4.2,4.2,0.0,0.0,0.0,0.0,I14,Weizenbier alkoholfrei,Getränke alkoholisch(1549873308501121),,MwSt. 19%,1.19,3.529412,0.670588,Pagersystem
S1114672.47282,SP1114672.54.304,SY1114672.2026.47282,iPad1(1114672),01.06.26 17:49,Prod,A1114672.6507,Tisch 17,Manager(946638),S1114672.47282,SALE,1,0.0,0.0,0.0,0.0,0.0,0.0,176,Extra Menü,Speisen Küche(1549873308500113),[],MwSt. 7%,1.07,0,0,Pagersystem
S1114672.47283,SP1114672.54.305,SY1114672.2026.47283,iPad1(1114672),01.06.26 17:49,Prod,A1114672.6507,Tisch 17,Manager(946638),S1114672.47283,SALE,1,11.5,11.5,0.0,0.0,0.0,0.0,172,Spargel Extra,Speisen Küche(1549873308500113),,MwSt. 7%,1.07,10.747664,0.752336,Pagersystem
S1114672.47284,SP1114672.54.306,SY1114672.2026.47284,iPad1(1114672),01.06.26 17:49,Prod,A1114672.6507,Tisch 17,Manager(946638),S1114672.47284,SALE,1,4.0,4.0,0.0,0.0,0.0,0.0,I10-177004,Kartoffeln,Speisen Küche(1549873308500113),,MwSt. 7%,1.07,3.738318,0.261682,Pagersystem
S1114672.47285,SP1114672.54.307,SY1114672.2026.47285,iPad1(1114672),01.06.26 17:49,Prod,A1114672.6507,Tisch 17,Manager(946638),S1114672.47285,SALE,1,2.4,2.4,0.0,0.0,0.0,0.0,S8,Rührei,Speisen Küche(1549873308500113),[],MwSt. 7%,1.07,2.242991,0.157009,Pagersystem
S1114672.47286,SP1114672.54.308,SY1114672.2026.47286,iPad1(1114672),01.06.26 17:49,Prod,A1114672.6507,Tisch 17,Manager(946638),S1114672.47286,SALE,1,3.3,3.3,0.0,0.0,0.0,0.0,156,"Wasser Sprudel (0,5 L)",Getränke(1549873308501013),[],MwSt. 19%,1.19,2.773109,0.526891,Pagersystem
S1114672.47287,SP1114672.54.309,SY1114672.2026.47287,iPad1(1114672),01.06.26 17:50,Prod,A1114672.6507,Tisch 17,Manager(946638),S1114672.47287,SALE,1,0.0,0.0,0.0,0.0,0.0,0.0,191,Spargelsuppe,Speisen Küche(1549873308500113),[],MwSt. 7%,1.07,0,0,Pagersystem
S1114672.47288,SP1114672.54.310,SY1114672.2026.47288,iPad1(1114672),01.06.26 17:50,Prod,A1114672.6507,Tisch 17,Manager(946638),S1114672.47288,SALE,1,8.9,8.9,0.0,0.0,0.0,0.0,129,Spargelsuppe Groß,Speisen Küche(1549873308500113),,MwSt. 7%,1.07,8.317757,0.582243,Pagersystem
S1114672.47289,SP1114672.54.311,SY1114672.2026.47289,iPad1(1114672),01.06.26 17:50,Prod,A1114672.6507,Tisch 17,Manager(946638),S1114672.47289,SALE,1,0.0,0.0,0.0,0.0,0.0,0.0,190,Zusammen,Speisen Küche(1549873308500113),[],MwSt. 7%,1.07,0,0,Pagersystem
S1114672.47290,SP1114672.54.312,SY1114672.2026.47290,iPad1(1114672),01.06.26 17:50,Prod,A1114672.6507,Tisch 17,Manager(946638),S1114672.47290,SALE,1,3.9,3.9,0.0,0.0,0.0,0.0,I46,Berliner Weiße,Getränke alkoholisch(1549873308501121),,MwSt. 19%,1.19,3.277311,0.622689,Pagersystem
S1114672.47291,SP1114672.54.313,SY1114672.2026.47291,iPad1(1114672),01.06.26 17:50,Prod,A1114672.6507,Tisch 17,Manager(946638),S1114672.47291,SALE,1,0.0,0.0,0.0,0.0,0.0,0.0,S31,Grün,Getränke(1549873308501013),[],MwSt. 19%,1.19,0,0,Pagersystem
S1114672.47292,SP1114672.54.314,SY1114672.2026.47292,iPad1(1114672),01.06.26 17:50,Prod,A1114672.6507,Tisch 17,Manager(946638),S1114672.47292,SALE,1,13.5,13.5,0.0,0.0,0.0,0.0,I3-1770047,Schnitzel mit Pommes,Speisen Küche(1549873308500113),,MwSt. 7%,1.07,12.616822,0.883178,Pagersystem
S1114672.47293,SP1114672.54.315,SY1114672.2026.47293,iPad1(1114672),01.06.26 17:50,Prod,A1114672.6507,Tisch 17,Manager(946638),S1114672.47293,SALE,1,4.4,4.4,0.0,0.0,0.0,0.0,I50,"Apfelsaft (0,5 L)",Getränke(1549873308501013),,MwSt. 19%,1.19,3.697479,0.702521,Pagersystem
S1114672.47294,SP1114672.54.316,SY1114672.2026.47294,iPad1(1114672),01.06.26 18:04,Prod,A1114672.6508,,Manager(946638),S1114672.47294,SALE,1,4.5,4.5,0.0,0.0,0.0,0.0,I24,Waffel,Speisen Theke(1549873308501495),,MwSt. 7%,1.07,4.205607,0.294393,Ohne Pager
S1114672.47295,SP1114672.54.317,SY1114672.2026.47295,iPad1(1114672),01.06.26 18:04,Prod,A1114672.6508,,Manager(946638),S1114672.47295,SALE,1,0.0,0.0,0.0,0.0,0.0,0.0,S29,Puderzucker,Speisen Theke(1549873308501495),[],MwSt. 7%,1.07,0,0,Ohne Pager
S1114672.47296,SP1114672.54.318,SY1114672.2026.47296,iPad1(1114672),01.06.26 18:04,Prod,A1114672.6508,,Manager(946638),S1114672.47296,SALE,1,3.7,3.7,0.0,0.0,0.0,0.0,S24,Erdbeeren,Speisen Theke(1549873308501495),[],MwSt. 7%,1.07,3.457944,0.242056,Ohne Pager
S1114672.47297,SP1114672.54.319,SY1114672.2026.47297,iPad1(1114672),01.06.26 18:04,Prod,A1114672.6508,,Manager(946638),S1114672.47297,SALE,1,1.3,1.3,0.0,0.0,0.0,0.0,S20,Sahne,Speisen Theke(1549873308501495),[],MwSt. 7%,1.07,1.214953,0.085047,Ohne Pager
S1114672.47298,SP1114672.54.320,SY1114672.2026.47298,iPad1(1114672),01.06.26 18:04,Prod,A1114672.6508,,Manager(946638),S1114672.47298,SALE,1,1.4,1.4,0.0,0.0,0.0,0.0,121,Vanilleeis,Speisen Theke(1549873308501495),[],MwSt. 7%,1.07,1.308411,0.091589,Ohne Pager
S1114672.47299,SP1114672.54.321,SY1114672.2026.47299,iPad1(1114672),01.06.26 18:21,Prod,A1114672.6509,Tisch 16,Manager(946638),S1114672.47299,SALE,1,4.5,4.5,0.0,0.0,0.0,0.0,I24,Waffel,Speisen Theke(1549873308501495),,MwSt. 7%,1.07,4.205607,0.294393,Pagersystem
S1114672.47300,SP1114672.54.322,SY1114672.2026.47300,iPad1(1114672),01.06.26 18:21,Prod,A1114672.6509,Tisch 16,Manager(946638),S1114672.47300,SALE,1,0.0,0.0,0.0,0.0,0.0,0.0,S29,Puderzucker,Speisen Theke(1549873308501495),[],MwSt. 7%,1.07,0,0,Pagersystem
S1114672.47301,SP1114672.54.323,SY1114672.2026.47301,iPad1(1114672),01.06.26 18:21,Prod,A1114672.6509,Tisch 16,Manager(946638),S1114672.47301,SALE,1,13.5,13.5,0.0,0.0,0.0,0.0,I3-1770047,Schnitzel mit Pommes,Speisen Küche(1549873308500113),,MwSt. 7%,1.07,12.616822,0.883178,Pagersystem
S1114672.47302,SP1114672.54.324,SY1114672.2026.47302,iPad1(1114672),01.06.26 18:21,Prod,A1114672.6509,Tisch 16,Manager(946638),S1114672.47302,SALE,1,17.5,17.5,0.0,0.0,0.0,0.0,I1-1770047,Spargelmenü,Speisen Küche(1549873308500113),,MwSt. 7%,1.07,16.35514,1.14486,Pagersystem
S1114672.47303,SP1114672.54.325,SY1114672.2026.47303,iPad1(1114672),01.06.26 18:21,Prod,A1114672.6509,Tisch 16,Manager(946638),S1114672.47303,SALE,1,0.0,0.0,0.0,0.0,0.0,0.0,S3,Sauce Hollandaise,Speisen Küche(1549873308500113),[],MwSt. 7%,1.07,0,0,Pagersystem
S1114672.47304,SP1114672.54.326,SY1114672.2026.47304,iPad1(1114672),01.06.26 18:21,Prod,A1114672.6509,Tisch 16,Manager(946638),S1114672.47304,SALE,1,5.4,5.4,0.0,0.0,0.0,0.0,S5,Schnitzel,Speisen Küche(1549873308500113),[],MwSt. 7%,1.07,5.046729,0.353271,Pagersystem
S1114672.47305,SP1114672.54.327,SY1114672.2026.47305,iPad1(1114672),01.06.26 18:21,Prod,A1114672.6509,Tisch 16,Manager(946638),S1114672.47305,SALE,1,17.5,17.5,0.0,0.0,0.0,0.0,I1-1770047,Spargelmenü,Speisen Küche(1549873308500113),,MwSt. 7%,1.07,16.35514,1.14486,Pagersystem
S1114672.47306,SP1114672.54.328,SY1114672.2026.47306,iPad1(1114672),01.06.26 18:21,Prod,A1114672.6509,Tisch 16,Manager(946638),S1114672.47306,SALE,1,0.0,0.0,0.0,0.0,0.0,0.0,S3,Sauce Hollandaise,Speisen Küche(1549873308500113),[],MwSt. 7%,1.07,0,0,Pagersystem
S1114672.47307,SP1114672.54.329,SY1114672.2026.47307,iPad1(1114672),01.06.26 18:21,Prod,A1114672.6509,Tisch 16,Manager(946638),S1114672.47307,SALE,1,2.4,2.4,0.0,0.0,0.0,0.0,S8,Rührei,Speisen Küche(1549873308500113),[],MwSt. 7%,1.07,2.242991,0.157009,Pagersystem
S1114672.47308,SP1114672.54.330,SY1114672.2026.47308,iPad1(1114672),01.06.26 18:22,Prod,A1114672.6509,Tisch 16,Manager(946638),S1114672.47308,SALE,1,2.5,2.5,0.0,0.0,0.0,0.0,152,"Wasser Still (0,3 L)",Getränke(1549873308501013),[],MwSt. 19%,1.19,2.10084,0.39916,Pagersystem
S1114672.47309,SP1114672.54.331,SY1114672.2026.47309,iPad1(1114672),01.06.26 18:22,Prod,A1114672.6509,Tisch 16,Manager(946638),S1114672.47309,SALE,1,4.4,4.4,0.0,0.0,0.0,0.0,I62,"Fassbrause (0,5 L)",Getränke(1549873308501013),,MwSt. 19%,1.19,3.697479,0.702521,Pagersystem
S1114672.47310,SP1114672.54.332,SY1114672.2026.47310,iPad1(1114672),01.06.26 18:23,Prod,A1114672.6510,Tisch 17,Manager(946638),S1114672.47310,SALE,1,17.5,17.5,0.0,0.0,0.0,0.0,I1-1770047,Spargelmenü,Speisen Küche(1549873308500113),,MwSt. 7%,1.07,16.35514,1.14486,Pagersystem
S1114672.47311,SP1114672.54.333,SY1114672.2026.47311,iPad1(1114672),01.06.26 18:23,Prod,A1114672.6510,Tisch 17,Manager(946638),S1114672.47311,SALE,1,0.0,0.0,0.0,0.0,0.0,0.0,S4,Semmelbutter,Speisen Küche(1549873308500113),[],MwSt. 7%,1.07,0,0,Pagersystem
S1114672.47312,SP1114672.54.334,SY1114672.2026.47312,iPad1(1114672),01.06.26 18:23,Prod,A1114672.6510,Tisch 17,Manager(946638),S1114672.47312,SALE,1,5.4,5.4,0.0,0.0,0.0,0.0,S6,Lachs,Speisen Küche(1549873308500113),[],MwSt. 7%,1.07,5.046729,0.353271,Pagersystem
S1114672.47313,SP1114672.54.335,SY1114672.2026.47313,iPad1(1114672),01.06.26 18:23,Prod,A1114672.6510,Tisch 17,Manager(946638),S1114672.47313,SALE,1,4.2,4.2,0.0,0.0,0.0,0.0,I14,Weizenbier alkoholfrei,Getränke alkoholisch(1549873308501121),,MwSt. 19%,1.19,3.529412,0.670588,Pagersystem
